Workbook
Name ADES: #REF!
Name Applied: #REF!
Name CAPA: #REF!
Name Classification: #REF!
Name CloseDate: #REF!
Name ClosedOnTime: #REF!
Name code: #REF!
Name concerned: #REF!
Name CRD: OFFSET(#REF!,,,COUNT(#REF!),1)
Name CTS: OFFSET(#REF!,,,COUNT(#REF!),1)
Name Cuase: #REF!
Name cyrd: OFFSET(#REF!,,,COUNT(#REF!),1)
Name Date: #REF!
Name Description: #REF!
Name Editor: #REF!
Name Events: #REF!
Name Follow: #REF!
Name HSE: #REF!
Name Location: #REF!
Name MOAR: OFFSET(#REF!,,,COUNT(#REF!),1)
Name MRED: OFFSET(#REF!,,,COUNT(#REF!),1)
Name ncr: #REF!
Name NCRL: OFFSET(#REF!,,,COUNT(#REF!),1)
Name NCRLM: OFFSET(#REF!,,,COUNT(#REF!),1)
Name NL: OFFSET(#REF!,,,COUNT(#REF!),1)
Name NLY: OFFSET(#REF!,,,COUNT(#REF!),1)
Name NRD: OFFSET(#REF!,,,COUNT(#REF!),1)
Name nsn: OFFSET(#REF!,,,COUNT(#REF!),1)
Name NTS: OFFSET(#REF!,,,COUNT(#REF!),1)
Name nyrd: OFFSET(#REF!,,,COUNT(#REF!),1)
Name OAR: OFFSET(#REF!,,,COUNT(#REF!),1)
Name Observer: #REF!
Name OpenOverDue: #REF!
Name ORD: OFFSET(#REF!,,,COUNT(#REF!),1)
Name OSN: OFFSET(#REF!,,,COUNT(#REF!),1)
Name OTS: OFFSET(#REF!,,,COUNT(#REF!),1)
Name oyrd: OFFSET(#REF!,,,COUNT(#REF!),1)
Name Person: #REF!
Name PRD: OFFSET(#REF!,,,COUNT(#REF!),1)
Name Progress: #REF!
Name PSN: OFFSET(#REF!,,,COUNT(#REF!),1)
Name PTS: OFFSET(#REF!,,,COUNT(#REF!),1)
Name pyrd: OFFSET(#REF!,,,COUNT(#REF!),1)
Name RD: OFFSET(#REF!,,,COUNT(#REF!),1)
Name RecordDate: #REF!
Name RED: OFFSET(#REF!,,,COUNT(#REF!),1)
Name Severity: #REF!
Name Source: #REF!
Name state: #REF!
Name Tdate: #REF!
Name TRED: OFFSET(#REF!,,,COUNT(#REF!),1)
Name TS: OFFSET(#REF!,,,COUNT(#REF!),1)
Name Violation: #REF!
Name YOAR: OFFSET(#REF!,,,COUNT(#REF!),1)
Name yrd: OFFSET(#REF!,,,COUNT(#REF!),1)
Name الخط_الزمني_الأصلي_شهر: #N/A
Name الخط_الزمني_الأصلي_شهر1: #N/A
Name الخط_الزمني_الأصلي_شهر2: #N/A
Name الخط_الزمني_الأصلي_شهر3: #N/A
Name الورادي: #REF!

Sheet INDEX

Sheet houskeeping
A3: شهر | B3: (Multiple Items)
A5: عدد من المتابعة Follow Up | B5: السبب Cause | C5: المتابعة Follow Up
A7: الإدارة المتواجد بها الحالة | M7: =GETPIVOTDATA("المتابعة Follow Up",$A$5,"السبب Cause","عدم ترتيب و تنظيم") -> #REF!
A8: Grand Total

Sheet Description
A2: المتابعة Follow Up | B2: Opened
A3: شهر | B3: 45870
A5: منطقة الحدث | B5: وصف حالة عدم التطابق Description of non conformance | C5: درجة الخطورة | D5: الإدارة المتواجد بها الحالة | E5: عدد من المتابعة Follow Up
A6: عنبر ويب1 | B6: انسكاب وتدفق مياه التبريد لماكينة ويب6 علي الارض بعنبر ويب 1 | C6: عالى | D6: الويب | E6: 1
A7: Grand Total | E7: 1
B40: المتابعة Follow Up | C40: Opened
B41: شهر | C41: 45292
B43: منطقة الحدث | C43: وصف حالة عدم التطابق Description of non conformance | D43: درجة الخطورة | E43: الإدارة المتواجد بها الحالة | F43: عدد من المتابعة Follow Up
B44: المخزن الجديد | C44: لوحات الكهرباء الجديدة في العنبر الجديد تحتاج إلى غرفة عزل لها و تامين بطفايات فاير سيرش | D44: متوسط | E44: الادارة الهندسية | F44: 1
B45: المخزن القديم | C45: وجود اعمدة تالفة نتيجة اصتدام الكلاركات و الاخرى بدون زوايا حديد او كاوتش للحماية | D45: متوسط | E45: المخازن | F45: 1
B46: شارع الدشت | C46: مطبات وتكسير وعدم تواجد بلاعات صرف للمياه بشارع الدشت كما يوجد اغطية غرف تفتيش كابلات تالفة وتحتاج تغيير | D46: متوسط | E46: الادارة الهندسية | F46: 1
B47: الشوارع الخارجيه | C47: تلف بزوايا الحماية الحديد لارصفة الشوارع | D47: متوسط | E47: الادارة الهندسية | F47: 1
B48: Grand Total | F48: 4

Sheet ورقة2
A1: منطقة الحدث | B1: وصف حالة عدم التطابق Description of non conformance | C1: درجة الخطورة Degree of Risk
A2: عنبر الطبع شيت 1 | B2: ترشيح مياه من السقف بعنبر الطبع شيت بجوار مكتب الجودة | C2: عالى
A3: عنبر ويب 3 | B3: باب العنبر معلق من اعلى وليس محمل على دليل من اسفل | C3: عالى | E3: 1
A4: CTP | B4: وجود كابلات بطريقة عشوائية وبدون فليكسبل حماية او ترى كهرباء | C4: متوسط | E4: 2
A5: خراطيم الهواء بالماكينات | B5: خراطيم هواء بماكينات الإنتاج بدون مسدس تحكم | C5: متوسط | E5: 3
A6: البرج | B6: يوجد بواط كهرباء يحتاج إلى غطاء حماية + كابلات داتا تحتاج إلى تثبيت داخل الداكت الخاص بها | C6: عالى | E6: 4
B7: يوجد لوحة كهرباء تحتاج إلى غطاء حماية لها وتكملة تغطية كابلات الكهرباء بفليكسبل او دكت | C7: عالى | E7: 5
B8: لا يوجد لمبة بيان توضح اشغال الحمام مما يؤدي الى رفع حاجز الخصوصية عند الإستخدام | C8: متوسط
B9: غرفة ال'UPS لا يتوافر بها انظمة إطفاء ولا تهوية مناسبة لتغطية الأحمال الحرارية الناتجة من التشغيل ويجد داكت من التكيف المركزي و يفصل يوميا من الساعة السادسة مساء وحتى الساعة السابعة صباحا ولا حماية للوحات الكهرباء والتحكم ، | C9: عالى
B10: وجود ثلاجة ملتصقة بالحائط مباشرة بدون مراعاة المسافة البينية لها مع الحائط وبالإضافة انها امام لوحات كهرباء | C10: عالى

Sheet PT.MONTHS
A2: شهر | B2: (Multiple Items)
A3: السبب Cause | B3: (All)
A5: عدد من المتابعة Follow Up | B5: المتابعة Follow Up
A6: الإدارة المتواجد بها الحالة
A7: Grand Total
G11: =GETPIVOTDATA("المتابعة Follow Up",$A$5,"المتابعة Follow Up","Closed")+GETPIVOTDATA("المتابعة Follow Up",$A$5,"المتابعة Follow Up","Opened") -> #REF!

Sheet TEAM
A1: شهر | B1: 45839
A3: Row Labels | B3: عدد من وصف حالة عدم التطابق Description of non conformance
A4: Closed | B4: 12 | M4: 45292
A5: Opened | B5: 1
A6: Grand Total | B6: 13

Sheet PT2
A1: شهر | B1: 45870
F2: =GETPIVOTDATA("وصف حالة عدم التطابق Description of non conformance",$A$3) -> 12
A3: Row Labels | B3: عدد من وصف حالة عدم التطابق Description of non conformance
A4: Closed | B4: 11 | F4: =GETPIVOTDATA("وصف حالة عدم التطابق Description of non conformance",$A$3,"المتابعة Follow Up","Closed")/GETPIVOTDATA("وصف حالة عدم التطابق Description of non conformance",$A$3) -> 0.91666667
A5: Opened | B5: 1 | F5: =GETPIVOTDATA("وصف حالة عدم التطابق Description of non conformance",$A$3,"المتابعة Follow Up","Opened")/GETPIVOTDATA("وصف حالة عدم التطابق Description of non conformance",$A$3) -> 0.083333333
A6: Grand Total | B6: 12

Sheet NCR.S
A2: م | B2: شهر | C2: تاريخ الرصد Record Date | D2: مصدر الحالة Source | E2: 100 | F2: Column1 | G2: الكود Code | H2: Column2 | I2: النماذج المستخدمة Forms | J2: منطقة الحدث | K2: المعدة / الأداه | L2: الإدارة المتواجد بها الحالة | M2: كود الشخص القائم بالتبليغ | N2: إسم الشخص القائم بالتبليغ | O2: محرر التقرير SHE. Editor | P2: وصف حالة عدم التطابق Description of non conformance | Q2: السبب Cause | R2: الوردية Shift | S2: درجة الخطورة Degree of Risk | T2: Sent | U2: الاجراء التصحيحي / الوقائي Corrective /Preventive Action | V2: الإدارة المنفذة Applied by | W2: تاريخ التنفيذ Target Date | X2: on progress | Y2: المتابعة Follow Up | Z2: المتابع Followed by | AA2: تاريخ الإغلاق Date of Close | AB2: Closed On Time | AC2: في حالة توقــيع جـزاء عـلى الـعامل | AF2: ملاحظات Notes
A3: 1 | B3: 45839 | C3: 45845 | D3: قوائم الفحص | G3: N/1/7/7 | J3: المبني الاداري | K3: الداتا سنتر | L3: الشؤون الادارية | M3: =IF(Table142[[#This Row],[إسم الشخص القائم بالتبليغ]]="","",IFERROR(VLOOKUP(Table142[[#This Row],[إسم الشخص القائم بالتبليغ]],Sheet1!A:B,2,FALSE),"")) -> 13335 | N3: احمد مرسي مرسي | O3: محمود فضل الله | P3: تكرارتسريب مياه من وحدة التكييف بغرفة الداتا سنتر في المبني الإداري، حيث لوحظ سقوط مياه على بلجات الكهرباء وتجمع المياه علي الأرض بالقرب من كابلات النت والكهرباء | Q3: من المحتمل أن يكون ذلك نتيجة انسداد متكرر في خط التصريف، أو خلل في تصميم النظام، أو عدم كفاية أعمال الصيانة السابقة | S3: عالى | T3: OK | U3: اتخاذ إجراءات عاجلة ودائمة لمعالجة السبب الجذري للتسريب لمنع تكرار المشكلة | V3: الشؤون الادارية | X3: END | Y3: Closed | Z3: احمد مرسي مرسي | AA3: 14/7/2025
A4: 2 | B4: 45839 | C4: 45845 | D4: قوائم الفحص | G4: N/2/7/7 | J4: عنبر ويب2 | K4: ماكينة ويب 9 | L4: الويب | M4: =IF(Table142[[#This Row],[إسم الشخص القائم بالتبليغ]]="","",IFERROR(VLOOKUP(Table142[[#This Row],[إسم الشخص القائم بالتبليغ]],Sheet1!A:B,2,FALSE),"")) -> 14982 | N4: احمد سعد طلبة | O4: محمود فضل الله | P4: قطع في خرطوم الهواء الخاص باستيكر ويب 9 | Q4: عدم القيام بالصيانة الدورية بشكل منتظم | S4: متوسط | T4: OK | U4: اداء الصيانة الدورية بشكل منتظم | V4: الادارة الهندسية | X4: END | Y4: Closed | Z4: محمد فؤاد خليل | AA4: 45845
A5: 3 | B5: 45839 | C5: 45848 | D5: قوائم الفحص | G5: N/3/7/10 | J5: عنبر ويب 3 | K5: ماكينة ويب 9 | L5: الويب | M5: =IF(Table142[[#This Row],[إسم الشخص القائم بالتبليغ]]="","",IFERROR(VLOOKUP(Table142[[#This Row],[إسم الشخص القائم بالتبليغ]],Sheet1!A:B,2,FALSE),"")) -> 13335 | N5: احمد مرسي مرسي | O5: محمود فضل الله | P5: تسريب مياه من ثلاجة ويب 9 | Q5: عطل في الراجع الموجود بالثلاجة | S5: متوسط | T5: OK | U5: إجراء مايلزم من اصلاحات | V5: الادارة الهندسية | X5: END | Y5: Closed | Z5: محمد فؤاد خليل | AA5: 45848
A6: 4 | B6: 45839 | C6: 45850 | D6: قوائم الفحص | G6: N/4/7/12 | J6: عنبر ويب 3 | K6: ماكينة ويب 8 | L6: الويب | M6: =IF(Table142[[#This Row],[إسم الشخص القائم بالتبليغ]]="","",IFERROR(VLOOKUP(Table142[[#This Row],[إسم الشخص القائم بالتبليغ]],Sheet1!A:B,2,FALSE),"")) -> 13335 | N6: احمد مرسي مرسي | O6: محمود فضل الله | P6: وجود تسريب مياه من راجع صرف وحدة اللون الاسود | Q6: قطع في خرطوم صرف المياه في وحدة اللون الاسود | S6: متوسط | T6: OK | U6: إجراء مايلزم من اصلاحات | V6: الادارة الهندسية | Y6: Closed | Z6: احمد سعد طلبة | AA6: 45850
A7: 5 | B7: 45839 | C7: 45850 | D7: قوائم الفحص | G7: N/5/7/12 | J7: عنبر ويب2 | K7: ماكينة ويب 11 | L7: الويب | M7: =IF(Table142[[#This Row],[إسم الشخص القائم بالتبليغ]]="","",IFERROR(VLOOKUP(Table142[[#This Row],[إسم الشخص القائم بالتبليغ]],Sheet1!A:B,2,FALSE),"")) -> 13335 | N7: احمد مرسي مرسي | O7: محمود فضل الله | P7: تسريب زيت بجوار ويب 11 واسفل لوحة الكهرباء | Q7: قطع في خرطوم الزيت الموجود اسفل الماكينة | S7: متوسط | T7: OK | U7: إجراء مايلزم من اصلاحات | V7: الادارة الهندسية | X7: END | Y7: Closed | Z7: احمد سعد طلبة | AA7: 45850
A8: 6 | B8: 45839 | C8: 45852 | D8: قوائم الفحص | G8: N/6/7/14 | J8: عنبر ويب2 | K8: اويب 11 | L8: الويب | M8: =IF(Table142[[#This Row],[إسم الشخص القائم بالتبليغ]]="","",IFERROR(VLOOKUP(Table142[[#This Row],[إسم الشخص القائم بالتبليغ]],Sheet1!A:B,2,FALSE),"")) -> 15082 | N8: محمد موسى اسماعيل | O8: محمود فضل الله | P8: سلم معدني مكسور بماكينة ويب 11 وتخزين غير مؤقت لخشب التربيط علي الماكينة | Q8: وجود كسر في مفصلات السلم مع غياب اي إجراء للإبلاغ والإصلاح- غياب تنظيم تخزين المواد الخشبية | S8: عالى | T8: OK | U8: إجراء مايلزم من اصلاحات-إزالة خشب التربيط | V8: الانتاج | X8: END | Y8: Closed | Z8: محمد فؤاد خليل | AA8: 45856
A9: 7 | B9: 45839 | C9: 45852 | D9: قوائم الفحص | G9: N/7/7/14 | J9: المطابع | K9: الساحة | L9: الانتاج | M9: =IF(Table142[[#This Row],[إسم الشخص القائم بالتبليغ]]="","",IFERROR(VLOOKUP(Table142[[#This Row],[إسم الشخص القائم بالتبليغ]],Sheet1!A:B,2,FALSE),"")) -> 13335 | N9: احمد مرسي مرسي | O9: محمود فضل الله | P9: تسريب زيت من كلارك رقم 38 | Q9: عدم الانتظام في الصيانة الدورية | S9: متوسط | T9: OK | U9: اجراء الصيانة اللازمة | V9: الانتاج | X9: END | Y9: Closed | Z9: محمد فؤاد خليل | AA9: 45852
A10: 8 | B10: 45839 | C10: 45852 | D10: قوائم الفحص | G10: N/8/7/14 | J10: الكافتيريا | K10: غرفة التدخين | L10: الشؤون الادارية | M10: =IF(Table142[[#This Row],[إسم الشخص القائم بالتبليغ]]="","",IFERROR(VLOOKUP(Table142[[#This Row],[إسم الشخص القائم بالتبليغ]],Sheet1!A:B,2,FALSE),"")) -> 13335 | N10: احمد مرسي مرسي | O10: محمود فضل الله | P10: لا يوجد اضاءة في غرفة التدخين | Q10: تلف الكشاف | S10: متوسط | T10: OK | U10: تغيير الكشاف | V10: الشؤون الادارية | X10: END | Y10: Closed | Z10: علي صلاح علي | AA10: 45852
A11: 9 | B11: 45839 | C11: 45854 | D11: قوائم الفحص | G11: N/9/7/16 | J11: عنبر ويب 3 | K11: ويب 10 | L11: الادارة الهندسية | M11: =IF(Table142[[#This Row],[إسم الشخص القائم بالتبليغ]]="","",IFERROR(VLOOKUP(Table142[[#This Row],[إسم الشخص القائم بالتبليغ]],Sheet1!A:B,2,FALSE),"")) -> 13335 | N11: احمد مرسي مرسي | O11: محمود فضل الله | P11: لوحة كهرباء مفتوحة وبدون مرآة حماية عازلة مع تواجد سلوك مكشوفة بدون عزل | Q11: عدم الصيانة الدورية | S11: عالى | T11: OK | U11: عمل مايلزم من اصلاحات وحماية مناسبة | V11: الادارة الهندسية | X11: END | Y11: Closed | Z11: علي صلاح علي | AA11: 45854
A12: 10 | B12: 45839 | C12: 45855 | D12: قوائم الفحص | G12: N/10/7/17 | J12: عنبر ويب2 | K12: ويب 11 | L12: الويب | M12: =IF(Table142[[#This Row],[إسم الشخص القائم بالتبليغ]]="","",IFERROR(VLOOKUP(Table142[[#This Row],[إسم الشخص القائم بالتبليغ]],Sheet1!A:B,2,FALSE),"")) -> 13335 | N12: احمد مرسي مرسي | O12: محمود فضل الله | P12: تسريب سليكون اسفل لوحة الكهرباء وماكينة السلكون | Q12: عدم وضع ماكينة مادة السليكون بشكل جيد في برميل السليكون | S12: متوسط | T12: OK | U12: تنظيف المكان ووضع واستخدام ماكينة السليكون بشكل صحيح | V12: الادارة الهندسية | X12: END | Y12: Closed | Z12: احمد سعد طلبة | AA12: 45855
A13: 11 | B13: 45839 | C13: 45858 | D13: قوائم الفحص | G13: N/11/7/20 | J13: عنبر الطبع شيت 1 | K13: الطبع شيت | L13: طبع الشيت | M13: =IF(Table142[[#This Row],[إسم الشخص القائم بالتبليغ]]="","",IFERROR(VLOOKUP(Table142[[#This Row],[إسم الشخص القائم بالتبليغ]],Sheet1!A:B,2,FALSE),"")) -> 13335 | N13: احمد مرسي مرسي | O13: محمود فضل الله | P13: اضاءة ضعيفة | Q13: تلف كشافات | S13: متوسط | T13: OK | U13: تغيير الكشافات التالفة | V13: الشؤون الادارية | X13: END | Y13: Closed | Z13: احمد سعد طلبة | AA13: 45858
A14: 12 | B14: 45839 | C14: 45866 | D14: قوائم الفحص | G14: N/12/7/28 | J14: عنبر ويب 3 | K14: بجوار ماكينة ويب 7 | L14: الويب | M14: =IF(Table142[[#This Row],[إسم الشخص القائم بالتبليغ]]="","",IFERROR(VLOOKUP(Table142[[#This Row],[إسم الشخص القائم بالتبليغ]],Sheet1!A:B,2,FALSE),"")) -> 12212 | N14: علي صلاح علي | O14: محمود فضل الله | P14: انسكاب مادة السليكون | Q14: استخدام خاطئ من العاملين في غير الأغراض المخصصة له | S14: متوسط | T14: OK | U14: التوعية والالتزام بالاستخدام والتعامل الصحيح مع المواد الكيميائىة | V14: الويب | X14: END | Y14: Closed | Z14: احمد سعد طلبة | AA14: 45866
A15: 13 | B15: 45839 | C15: 45866 | D15: قوائم الفحص | G15: N/13/7/28 | J15: المخزن الجديد | K15: غرفة السيرفر | L15: IT | M15: =IF(Table142[[#This Row],[إسم الشخص القائم بالتبليغ]]="","",IFERROR(VLOOKUP(Table142[[#This Row],[إسم الشخص القائم بالتبليغ]],Sheet1!A:B,2,FALSE),"")) -> 15082 | N15: محمد موسى اسماعيل | O15: محمود فضل الله | P15: تخزين غير مطاابق داخل غرفة السيرفر | Q15: عدم توفر اماكن للتخزين | S15: متوسط | T15: OK | U15: نقل التخزين الغير مطابق الي مخزن مناسب والحفاظ علي نظافة المكان | V15: IT | Y15: Opened | Z15: محمد موسى اسماعيل | AA15: 45866
A16: 14 | B16: 45870 | C16: 45873 | D16: قوائم الفحص | G16: N/1/8/4 | J16: عنبر التجليد 1 | K16: كولبوس 2 | L16: التجليد | M16: =IF(Table142[[#This Row],[إسم الشخص القائم بالتبليغ]]="","",IFERROR(VLOOKUP(Table142[[#This Row],[إسم الشخص القائم بالتبليغ]],Sheet1!A:B,2,FALSE),"")) -> 12212 | N16: علي صلاح علي | O16: محمود فضل الله | P16: رفع ونقل ورص الملازم يدويا وصعود المتدربين (الطلبة) اعلي الملازم دون استخدام وسائل مناسبة او اشراف مباشر مما تسبب في سقوط الملازم | Q16: عدم وتوفر وسائل مناسبة لاعمال الرفع والنقل والرص غياب الاشراف المباشر | S16: عالى | T16: OK | U16: تخصيص افراد مدربين للقيام بهذه الاعمال- توفير ادوات ومعدات المناولة الامنة-تنظيم الرصات - الترتيب والنظافة المستمرة لموقع العمل | V16: التجليد | X16: END | Y16: Closed | Z16: علي صلاح علي | AA16: 45874
A17: 15 | B17: 45870 | C17: 45874 | D17: قوائم الفحص | G17: N/2/8/5 | J17: المطابع | K17: المطابع | L17: الادارة الهندسية | M17: =IF(Table142[[#This Row],[إسم الشخص القائم بالتبليغ]]="","",IFERROR(VLOOKUP(Table142[[#This Row],[إسم الشخص القائم بالتبليغ]],Sheet1!A:B,2,FALSE),"")) -> 13335 | N17: احمد مرسي مرسي | O17: محمود فضل الله | P17: كسر في باب صندوق الكلارك وتثبيت لوح كونتر داخل الصندوق | Q17: غياب الصيانة الدورية | S17: متوسط | T17: OK | U17: اصلاح الباب - تفعيل الصيانةالدورية | V17: الادارة الهندسية | X17: END | Y17: Closed | Z17: احمد مرسي مرسي | AA17: 45874
A18: 16 | B18: 45870 | C18: 45874 | D18: قوائم الفحص | G18: N/3/8/5 | J18: المكابس | K18: كولبوس 6 | L18: التجليد | M18: =IF(Table142[[#This Row],[إسم الشخص القائم بالتبليغ]]="","",IFERROR(VLOOKUP(Table142[[#This Row],[إسم الشخص القائم بالتبليغ]],Sheet1!A:B,2,FALSE),"")) -> 13335 | N18: احمد مرسي مرسي | O18: محمود فضل الله | P18: تسريب زيت اسفل مكبس كولبوس 6 | Q18: تلف خرطوم الزيت- غياب الصيانة الدورية | S18: متوسط | T18: OK | U18: تغيير الخرطوم - تفعيل الصيانة الدورية - ازالة اثار الانسكاب | V18: الادارة الهندسية | X18: END | Y18: Closed | Z18: احمد مرسي مرسي | AA18: 45874
A19: 17 | B19: 45870 | C19: 45876 | D19: قوائم الفحص | G19: N/4/8/7 | J19: البرج | K19: الدور التاسع | L19: الشؤون الادارية | M19: =IF(Table142[[#This Row],[إسم الشخص القائم بالتبليغ]]="","",IFERROR(VLOOKUP(Table142[[#This Row],[إسم الشخص القائم بالتبليغ]],Sheet1!A:B,2,FALSE),"")) -> 15006 | N19: محمد محمود عبدالعال | O19: محمود فضل الله | P19: كسر مفصلات شباك غرفة الاستوديو بالدور التاسع | Q19: سوء الاستخدام-غياب الصيانة الدورية | S19: متوسط | T19: OK | U19: اتباع تعليمات السلامة - تفعيل الصيانة الدورية - المور والمتابعة | V19: الشؤون الادارية | X19: END | Y19: Closed | Z19: محمد محمود عبدالعال | AA19: 45876
A20: 18 | B20: 45870 | C20: 45880 | D20: قوائم الفحص | G20: N/5/8/11 | J20: المخزن القديم | K20: المخزن القديم | L20: المخازن | M20: =IF(Table142[[#This Row],[إسم الشخص القائم بالتبليغ]]="","",IFERROR(VLOOKUP(Table142[[#This Row],[إسم الشخص القائم بالتبليغ]],Sheet1!A:B,2,FALSE),"")) -> 14548 | N20: كريم مجدي احمد | O20: محمود فضل الله | P20: تلف بخرطوم زيت التبريد لكلارك رقم 216 | Q20: سوء الاستخدام- غياب الصيانة الدورية | S20: متوسط | T20: OK | U20: تغيير الخرطوم - اتباع تعليمات التشغيل والصيانة - تفعيل الصيانة الدورية | V20: المخازن | X20: END | Y20: Closed | Z20: كريم مجدي احمد | AA20: 45880
A21: 19 | B21: 45870 | C21: 45882 | D21: قوائم الفحص | G21: N/6/8/13 | J21: عنبر ويب1 | K21: ويب 6 | L21: الويب | M21: =IF(Table142[[#This Row],[إسم الشخص القائم بالتبليغ]]="","",IFERROR(VLOOKUP(Table142[[#This Row],[إسم الشخص القائم بالتبليغ]],Sheet1!A:B,2,FALSE),"")) -> 12212 | N21: علي صلاح علي | O21: محمود فضل الله | P21: انسكاب وتدفق مياه التبريد لماكينة ويب6 علي الارض بعنبر ويب 1 | Q21: خلل في نظام رجوع مياه التبريد للماكينة بالاضافة الي عدم وجود نظام تصريف او بيارة صرف تجميع المياه | S21: عالى | T21: OK | U21: فحص الماكينة - اصلاح نظام التبريد - تصميم نظام تصريف مناسب | V21: الادارة الهندسية | Y21: Opened | Z21: علي صلاح علي
A22: 20 | B22: 45870 | C22: 45888 | D22: قوائم الفحص | G22: N/7/8/19 | J22: عنبر ويب2 | K22: باب طوارئ ويب 2 | L22: الادارة الهندسية | M22: =IF(Table142[[#This Row],[إسم الشخص القائم بالتبليغ]]="","",IFERROR(VLOOKUP(Table142[[#This Row],[إسم الشخص القائم بالتبليغ]],Sheet1!A:B,2,FALSE),"")) -> 13335 | N22: احمد مرسي مرسي | O22: محمود فضل الله | P22: وجودصاج ايل للسقوط باب مدخل ويب 2 | Q22: غياب المتابعة والصيانة | S22: متوسط | T22: OK | U22: ازالة الصاج من اعلي الباب-اتباع تعليمات السلامة - تفعيل الصيانة الدورية - المرور والمتابعة | V22: الادارة الهندسية | X22: END | Y22: Closed | Z22: احمد مرسي مرسي | AA22: 45888
A23: 21 | B23: 45870 | C23: 45888 | D23: قوائم الفحص | G23: N/8/8/19 | J23: عنبر ويب 3 | K23: ويب 2 | L23: الادارة الهندسية | M23: =IF(Table142[[#This Row],[إسم الشخص القائم بالتبليغ]]="","",IFERROR(VLOOKUP(Table142[[#This Row],[إسم الشخص القائم بالتبليغ]],Sheet1!A:B,2,FALSE),"")) -> 14982 | N23: احمد سعد طلبة | O23: محمود فضل الله | P23: تسريب مياه من ماسورة المياه لويب 2،9 | Q23: تآكل الماسورة | S23: متوسط | T23: OK | U23: عمل الصيانة اللازمة | V23: الادارة الهندسية | X23: END | Y23: Closed | Z23: احمد سعد طلبة | AA23: 45888
A24: 22 | B24: 45870 | C24: 45888 | D24: قوائم الفحص | G24: N/9/8/19 | J24: غرف الغاز | K24: شارع الدشت | L24: الادارة الهندسية | M24: =IF(Table142[[#This Row],[إسم الشخص القائم بالتبليغ]]="","",IFERROR(VLOOKUP(Table142[[#This Row],[إسم الشخص القائم بالتبليغ]],Sheet1!A:B,2,FALSE),"")) -> 14304 | N24: علاء عنتر محمد | O24: محمود فضل الله | P24: تشوينات حديد بجوار غرفة الغاز | Q24: ضيق المساحات التخزينية | S24: متوسط | T24: OK | U24: ازالة التشوينات ونقلها الي المخزن المناسب - اتباع تعليمات السلامة | V24: الادارة الهندسية | X24: END | Y24: Closed | Z24: علاء عنتر محمد | AA24: 45888
A25: 23 | B25: 45870 | C25: 45896 | D25: قوائم الفحص | G25: N/10/8/27 | J25: السور الامامي | K25: البوابات | L25: الشؤون الادارية | M25: =IF(Table142[[#This Row],[إسم الشخص القائم بالتبليغ]]="","",IFERROR(VLOOKUP(Table142[[#This Row],[إسم الشخص القائم بالتبليغ]],Sheet1!A:B,2,FALSE),"")) -> 15082 | N25: محمد موسى اسماعيل | O25: محمود فضل الله | P25: عد ترتيب وتنظيم كابلات الكهرباء | Q25: غياب الصيانة الدورية | S25: متوسط | T25: OK | U25: ترتيب وتنظيم الكابلات مع المتابعة الدورية | V25: الشؤون الادارية | X25: END | Y25: Closed | Z25: محمد موسى اسماعيل | AA25: 45896
A26: 24 | B26: 45870 | C26: 45897 | D26: قوائم الفحص | G26: N/11/8/28 | J26: عنبر ويب1 | K26: ويب 6 | L26: الويب | M26: =IF(Table142[[#This Row],[إسم الشخص القائم بالتبليغ]]="","",IFERROR(VLOOKUP(Table142[[#This Row],[إسم الشخص القائم بالتبليغ]],Sheet1!A:B,2,FALSE),"")) -> 13335 | N26: احمد مرسي مرسي | O26: محمود فضل الله | P26: تسريب مياه من ثلاجة ويب 6 | Q26: ثقب في الوصلة الحديد لخرطوم مياه الثلاجة | S26: عالى | T26: OK | U26: عمل الصيانة اللازمة مع تفعيل الصيانة الدورية - نظافة المكان | V26: الادارة الهندسية | X26: END | Y26: Closed | Z26: احمد مرسي مرسي | AA26: 45897
A27: 25 | B27: 45870 | C27: 45897 | D27: قوائم الفحص | G27: N/12/8/28 | J27: عنبر ويب 3 | K27: تانك الحبر | L27: الويب | M27: =IF(Table142[[#This Row],[إسم الشخص القائم بالتبليغ]]="","",IFERROR(VLOOKUP(Table142[[#This Row],[إسم الشخص القائم بالتبليغ]],Sheet1!A:B,2,FALSE),"")) -> 13335 | N27: احمد مرسي مرسي | O27: محمود فضل الله | P27: تسريب حبر من تانك اللون الاحمر | Q27: كسر في طبة التانك - غياب الصيانة الدورية | S27: عالى | T27: OK | U27: تغيير الطبة وعمل مايلزم من صيانة - نظافة المكان | V27: الادارة الهندسية | X27: END | Y27: Closed | Z27: احمد مرسي مرسي | AA27: 45897
A28: 215 | M28: =IF(Table142[[#This Row],[إسم الشخص القائم بالتبليغ]]="","",IFERROR(VLOOKUP(Table142[[#This Row],[إسم الشخص القائم بالتبليغ]],Sheet1!A:B,2,FALSE),""))
A29: 216 | M29: =IF(Table142[[#This Row],[إسم الشخص القائم بالتبليغ]]="","",IFERROR(VLOOKUP(Table142[[#This Row],[إسم الشخص القائم بالتبليغ]],Sheet1!A:B,2,FALSE),""))
A30: 217 | M30: =IF(Table142[[#This Row],[إسم الشخص القائم بالتبليغ]]="","",IFERROR(VLOOKUP(Table142[[#This Row],[إسم الشخص القائم بالتبليغ]],Sheet1!A:B,2,FALSE),""))
A31: 218 | M31: =IF(Table142[[#This Row],[إسم الشخص القائم بالتبليغ]]="","",IFERROR(VLOOKUP(Table142[[#This Row],[إسم الشخص القائم بالتبليغ]],Sheet1!A:B,2,FALSE),""))
A32: 219 | M32: =IF(Table142[[#This Row],[إسم الشخص القائم بالتبليغ]]="","",IFERROR(VLOOKUP(Table142[[#This Row],[إسم الشخص القائم بالتبليغ]],Sheet1!A:B,2,FALSE),""))
A33: 220 | M33: =IF(Table142[[#This Row],[إسم الشخص القائم بالتبليغ]]="","",IFERROR(VLOOKUP(Table142[[#This Row],[إسم الشخص القائم بالتبليغ]],Sheet1!A:B,2,FALSE),""))
A34: 221 | M34: =IF(Table142[[#This Row],[إسم الشخص القائم بالتبليغ]]="","",IFERROR(VLOOKUP(Table142[[#This Row],[إسم الشخص القائم بالتبليغ]],Sheet1!A:B,2,FALSE),""))
A35: 222 | M35: =IF(Table142[[#This Row],[إسم الشخص القائم بالتبليغ]]="","",IFERROR(VLOOKUP(Table142[[#This Row],[إسم الشخص القائم بالتبليغ]],Sheet1!A:B,2,FALSE),""))
A36: 223 | M36: =IF(Table142[[#This Row],[إسم الشخص القائم بالتبليغ]]="","",IFERROR(VLOOKUP(Table142[[#This Row],[إسم الشخص القائم بالتبليغ]],Sheet1!A:B,2,FALSE),""))
A37: 224 | M37: =IF(Table142[[#This Row],[إسم الشخص القائم بالتبليغ]]="","",IFERROR(VLOOKUP(Table142[[#This Row],[إسم الشخص القائم بالتبليغ]],Sheet1!A:B,2,FALSE),""))
A38: 225 | M38: =IF(Table142[[#This Row],[إسم الشخص القائم بالتبليغ]]="","",IFERROR(VLOOKUP(Table142[[#This Row],[إسم الشخص القائم بالتبليغ]],Sheet1!A:B,2,FALSE),""))
A39: 226 | M39: =IF(Table142[[#This Row],[إسم الشخص القائم بالتبليغ]]="","",IFERROR(VLOOKUP(Table142[[#This Row],[إسم الشخص القائم بالتبليغ]],Sheet1!A:B,2,FALSE),""))
... A116: 303 | M116: =IF(Table142[[#This Row],[إسم الشخص القائم بالتبليغ]]="","",IFERROR(VLOOKUP(Table142[[#This Row],[إسم الشخص القائم بالتبليغ]],Sheet1!A:B,2,FALSE),""))
M117: =IF(Table142[[#This Row],[إسم الشخص القائم بالتبليغ]]="","",IFERROR(VLOOKUP(Table142[[#This Row],[إسم الشخص القائم بالتبليغ]],Sheet1!A:B,2,FALSE),""))
M118: =IF(Table142[[#This Row],[إسم الشخص القائم بالتبليغ]]="","",IFERROR(VLOOKUP(Table142[[#This Row],[إسم الشخص القائم بالتبليغ]],Sheet1!A:B,2,FALSE),""))
M119: =IF(Table142[[#This Row],[إسم الشخص القائم بالتبليغ]]="","",IFERROR(VLOOKUP(Table142[[#This Row],[إسم الشخص القائم بالتبليغ]],Sheet1!A:B,2,FALSE),""))
M120: =IF(Table142[[#This Row],[إسم الشخص القائم بالتبليغ]]="","",IFERROR(VLOOKUP(Table142[[#This Row],[إسم الشخص القائم بالتبليغ]],Sheet1!A:B,2,FALSE),""))
M121: =IF(Table142[[#This Row],[إسم الشخص القائم بالتبليغ]]="","",IFERROR(VLOOKUP(Table142[[#This Row],[إسم الشخص القائم بالتبليغ]],Sheet1!A:B,2,FALSE),""))
M122: =IF(Table142[[#This Row],[إسم الشخص القائم بالتبليغ]]="","",IFERROR(VLOOKUP(Table142[[#This Row],[إسم الشخص القائم بالتبليغ]],Sheet1!A:B,2,FALSE),""))
M123: =IF(Table142[[#This Row],[إسم الشخص القائم بالتبليغ]]="","",IFERROR(VLOOKUP(Table142[[#This Row],[إسم الشخص القائم بالتبليغ]],Sheet1!A:B,2,FALSE),""))
M124: =IF(Table142[[#This Row],[إسم الشخص القائم بالتبليغ]]="","",IFERROR(VLOOKUP(Table142[[#This Row],[إسم الشخص القائم بالتبليغ]],Sheet1!A:B,2,FALSE),""))
M125: =IF(Table142[[#This Row],[إسم الشخص القائم بالتبليغ]]="","",IFERROR(VLOOKUP(Table142[[#This Row],[إسم الشخص القائم بالتبليغ]],Sheet1!A:B,2,FALSE),""))
M126: =IF(Table142[[#This Row],[إسم الشخص القائم بالتبليغ]]="","",IFERROR(VLOOKUP(Table142[[#This Row],[إسم الشخص القائم بالتبليغ]],Sheet1!A:B,2,FALSE),""))
M127: =IF(Table142[[#This Row],[إسم الشخص القائم بالتبليغ]]="","",IFERROR(VLOOKUP(Table142[[#This Row],[إسم الشخص القائم بالتبليغ]],Sheet1!A:B,2,FALSE),""))
M128: =IF(Table142[[#This Row],[إسم الشخص القائم بالتبليغ]]="","",IFERROR(VLOOKUP(Table142[[#This Row],[إسم الشخص القائم بالتبليغ]],Sheet1!A:B,2,FALSE),""))
... M415: =IF(Table142[[#This Row],[إسم الشخص القائم بالتبليغ]]="","",IFERROR(VLOOKUP(Table142[[#This Row],[إسم الشخص القائم بالتبليغ]],Sheet1!A:B,2,FALSE),""))
G416: =IF(ISBLANK(C416),"",C416) | X416: =IF(W416>#REF!,"On Progress","") -> #REF! | AB416: =IF(C416<>"", IF(Y416=#REF!, IF($AA416<>"", IF(_xlfn.DAYS($AA416,$W416)>0,#REF!,#REF!),#REF! & " Missing Date"), IF(Y416=#REF!, IF($W416<>"", IF(_xlfn.DAYS($W416,$C416)>0,#REF!,#REF!)), IF(X416 =#REF!,#REF! & " - " &#REF!, "Missing State"))),"")
G417: =IF(ISBLANK(C417),"",C417) | X417: =IF(W417>#REF!,"On Progress","") -> #REF! | AB417: =IF(C417<>"", IF(Y417=#REF!, IF($AA417<>"", IF(_xlfn.DAYS($AA417,$W417)>0,#REF!,#REF!),#REF! & " Missing Date"), IF(Y417=#REF!, IF($W417<>"", IF(_xlfn.DAYS($W417,$C417)>0,#REF!,#REF!)), IF(X417 =#REF!,#REF! & " - " &#REF!, "Missing State"))),"")
G418: =IF(ISBLANK(C418),"",C418) | X418: =IF(W418>#REF!,"On Progress","") -> #REF! | AB418: =IF(C418<>"", IF(Y418=#REF!, IF($AA418<>"", IF(_xlfn.DAYS($AA418,$W418)>0,#REF!,#REF!),#REF! & " Missing Date"), IF(Y418=#REF!, IF($W418<>"", IF(_xlfn.DAYS($W418,$C418)>0,#REF!,#REF!)), IF(X418 =#REF!,#REF! & " - " &#REF!, "Missing State"))),"")
G419: =IF(ISBLANK(C419),"",C419) | X419: =IF(W419>#REF!,"On Progress","") -> #REF! | AB419: =IF(C419<>"", IF(Y419=#REF!, IF($AA419<>"", IF(_xlfn.DAYS($AA419,$W419)>0,#REF!,#REF!),#REF! & " Missing Date"), IF(Y419=#REF!, IF($W419<>"", IF(_xlfn.DAYS($W419,$C419)>0,#REF!,#REF!)), IF(X419 =#REF!,#REF! & " - " &#REF!, "Missing State"))),"")
G420: =IF(ISBLANK(C420),"",C420) | X420: =IF(W420>#REF!,"On Progress","") -> #REF! | AB420: =IF(C420<>"", IF(Y420=#REF!, IF($AA420<>"", IF(_xlfn.DAYS($AA420,$W420)>0,#REF!,#REF!),#REF! & " Missing Date"), IF(Y420=#REF!, IF($W420<>"", IF(_xlfn.DAYS($W420,$C420)>0,#REF!,#REF!)), IF(X420 =#REF!,#REF! & " - " &#REF!, "Missing State"))),"")
G421: =IF(ISBLANK(C421),"",C421) | X421: =IF(W421>#REF!,"On Progress","") -> #REF! | AB421: =IF(C421<>"", IF(Y421=#REF!, IF($AA421<>"", IF(_xlfn.DAYS($AA421,$W421)>0,#REF!,#REF!),#REF! & " Missing Date"), IF(Y421=#REF!, IF($W421<>"", IF(_xlfn.DAYS($W421,$C421)>0,#REF!,#REF!)), IF(X421 =#REF!,#REF! & " - " &#REF!, "Missing State"))),"")
G422: =IF(ISBLANK(C422),"",C422) | X422: =IF(W422>#REF!,"On Progress","") -> #REF! | AB422: =IF(C422<>"", IF(Y422=#REF!, IF($AA422<>"", IF(_xlfn.DAYS($AA422,$W422)>0,#REF!,#REF!),#REF! & " Missing Date"), IF(Y422=#REF!, IF($W422<>"", IF(_xlfn.DAYS($W422,$C422)>0,#REF!,#REF!)), IF(X422 =#REF!,#REF! & " - " &#REF!, "Missing State"))),"")
G423: =IF(ISBLANK(C423),"",C423) | X423: =IF(W423>#REF!,"On Progress","") -> #REF! | AB423: =IF(C423<>"", IF(Y423=#REF!, IF($AA423<>"", IF(_xlfn.DAYS($AA423,$W423)>0,#REF!,#REF!),#REF! & " Missing Date"), IF(Y423=#REF!, IF($W423<>"", IF(_xlfn.DAYS($W423,$C423)>0,#REF!,#REF!)), IF(X423 =#REF!,#REF! & " - " &#REF!, "Missing State"))),"")
G424: =IF(ISBLANK(C424),"",C424) | AB424: =IF(C424<>"", IF(Y424=#REF!, IF($AA424<>"", IF(_xlfn.DAYS($AA424,$W424)>0,#REF!,#REF!),#REF! & " Missing Date"), IF(Y424=#REF!, IF($W424<>"", IF(_xlfn.DAYS($W424,$C424)>0,#REF!,#REF!)), IF(X424 =#REF!,#REF! & " - " &#REF!, "Missing State"))),"")
G425: =IF(ISBLANK(C425),"",C425) | AB425: =IF(C425<>"", IF(Y425=#REF!, IF($AA425<>"", IF(_xlfn.DAYS($AA425,$W425)>0,#REF!,#REF!),#REF! & " Missing Date"), IF(Y425=#REF!, IF($W425<>"", IF(_xlfn.DAYS($W425,$C425)>0,#REF!,#REF!)), IF(X425 =#REF!,#REF! & " - " &#REF!, "Missing State"))),"")
G426: =IF(ISBLANK(C426),"",C426) | AB426: =IF(C426<>"", IF(Y426=#REF!, IF($AA426<>"", IF(_xlfn.DAYS($AA426,$W426)>0,#REF!,#REF!),#REF! & " Missing Date"), IF(Y426=#REF!, IF($W426<>"", IF(_xlfn.DAYS($W426,$C426)>0,#REF!,#REF!)), IF(X426 =#REF!,#REF! & " - " &#REF!, "Missing State"))),"")
G427: =IF(ISBLANK(C427),"",C427) | AB427: =IF(C427<>"", IF(Y427=#REF!, IF($AA427<>"", IF(_xlfn.DAYS($AA427,$W427)>0,#REF!,#REF!),#REF! & " Missing Date"), IF(Y427=#REF!, IF($W427<>"", IF(_xlfn.DAYS($W427,$C427)>0,#REF!,#REF!)), IF(X427 =#REF!,#REF! & " - " &#REF!, "Missing State"))),"")
G428: =IF(ISBLANK(C428),"",C428) | AB428: =IF(C428<>"", IF(Y428=#REF!, IF($AA428<>"", IF(_xlfn.DAYS($AA428,$W428)>0,#REF!,#REF!),#REF! & " Missing Date"), IF(Y428=#REF!, IF($W428<>"", IF(_xlfn.DAYS($W428,$C428)>0,#REF!,#REF!)), IF(X428 =#REF!,#REF! & " - " &#REF!, "Missing State"))),"")
G429: =IF(ISBLANK(C429),"",C429) | AB429: =IF(C429<>"", IF(Y429=#REF!, IF($AA429<>"", IF(_xlfn.DAYS($AA429,$W429)>0,#REF!,#REF!),#REF! & " Missing Date"), IF(Y429=#REF!, IF($W429<>"", IF(_xlfn.DAYS($W429,$C429)>0,#REF!,#REF!)), IF(X429 =#REF!,#REF! & " - " &#REF!, "Missing State"))),"")
G430: =IF(ISBLANK(C430),"",C430) | AB430: =IF(C430<>"", IF(Y430=#REF!, IF($AA430<>"", IF(_xlfn.DAYS($AA430,$W430)>0,#REF!,#REF!),#REF! & " Missing Date"), IF(Y430=#REF!, IF($W430<>"", IF(_xlfn.DAYS($W430,$C430)>0,#REF!,#REF!)), IF(X430 =#REF!,#REF! & " - " &#REF!, "Missing State"))),"")
G431: =IF(ISBLANK(C431),"",C431) | AB431: =IF(C431<>"", IF(Y431=#REF!, IF($AA431<>"", IF(_xlfn.DAYS($AA431,$W431)>0,#REF!,#REF!),#REF! & " Missing Date"), IF(Y431=#REF!, IF($W431<>"", IF(_xlfn.DAYS($W431,$C431)>0,#REF!,#REF!)), IF(X431 =#REF!,#REF! & " - " &#REF!, "Missing State"))),"")
G432: =IF(ISBLANK(C432),"",C432) | AB432: =IF(C432<>"", IF(Y432=#REF!, IF($AA432<>"", IF(_xlfn.DAYS($AA432,$W432)>0,#REF!,#REF!),#REF! & " Missing Date"), IF(Y432=#REF!, IF($W432<>"", IF(_xlfn.DAYS($W432,$C432)>0,#REF!,#REF!)), IF(X432 =#REF!,#REF! & " - " &#REF!, "Missing State"))),"")
G433: =IF(ISBLANK(C433),"",C433) | AB433: =IF(C433<>"", IF(Y433=#REF!, IF($AA433<>"", IF(_xlfn.DAYS($AA433,$W433)>0,#REF!,#REF!),#REF! & " Missing Date"), IF(Y433=#REF!, IF($W433<>"", IF(_xlfn.DAYS($W433,$C433)>0,#REF!,#REF!)), IF(X433 =#REF!,#REF! & " - " &#REF!, "Missing State"))),"")
G434: =IF(ISBLANK(C434),"",C434) | AB434: =IF(C434<>"", IF(Y434=#REF!, IF($AA434<>"", IF(_xlfn.DAYS($AA434,$W434)>0,#REF!,#REF!),#REF! & " Missing Date"), IF(Y434=#REF!, IF($W434<>"", IF(_xlfn.DAYS($W434,$C434)>0,#REF!,#REF!)), IF(X434 =#REF!,#REF! & " - " &#REF!, "Missing State"))),"")
G435: =IF(ISBLANK(C435),"",C435) | AB435: =IF(C435<>"", IF(Y435=#REF!, IF($AA435<>"", IF(_xlfn.DAYS($AA435,$W435)>0,#REF!,#REF!),#REF! & " Missing Date"), IF(Y435=#REF!, IF($W435<>"", IF(_xlfn.DAYS($W435,$C435)>0,#REF!,#REF!)), IF(X435 =#REF!,#REF! & " - " &#REF!, "Missing State"))),"")
... G451: =IF(ISBLANK(C451),"",C451) | AB451: =IF(C451<>"", IF(Y451=#REF!, IF($AA451<>"", IF(_xlfn.DAYS($AA451,$W451)>0,#REF!,#REF!),#REF! & " Missing Date"), IF(Y451=#REF!, IF($W451<>"", IF(_xlfn.DAYS($W451,$C451)>0,#REF!,#REF!)), IF(X451 =#REF!,#REF! & " - " &#REF!, "Missing State"))),"")
AB452: =IF(C452<>"", IF(Y452=#REF!, IF($AA452<>"", IF(_xlfn.DAYS($AA452,$W452)>0,#REF!,#REF!),#REF! & " Missing Date"), IF(Y452=#REF!, IF($W452<>"", IF(_xlfn.DAYS($W452,$C452)>0,#REF!,#REF!)), IF(X452 =#REF!,#REF! & " - " &#REF!, "Missing State"))),"")
AB453: =IF(C453<>"", IF(Y453=#REF!, IF($AA453<>"", IF(_xlfn.DAYS($AA453,$W453)>0,#REF!,#REF!),#REF! & " Missing Date"), IF(Y453=#REF!, IF($W453<>"", IF(_xlfn.DAYS($W453,$C453)>0,#REF!,#REF!)), IF(X453 =#REF!,#REF! & " - " &#REF!, "Missing State"))),"")
AB454: =IF(C454<>"", IF(Y454=#REF!, IF($AA454<>"", IF(_xlfn.DAYS($AA454,$W454)>0,#REF!,#REF!),#REF! & " Missing Date"), IF(Y454=#REF!, IF($W454<>"", IF(_xlfn.DAYS($W454,$C454)>0,#REF!,#REF!)), IF(X454 =#REF!,#REF! & " - " &#REF!, "Missing State"))),"")
AB455: =IF(C455<>"", IF(Y455=#REF!, IF($AA455<>"", IF(_xlfn.DAYS($AA455,$W455)>0,#REF!,#REF!),#REF! & " Missing Date"), IF(Y455=#REF!, IF($W455<>"", IF(_xlfn.DAYS($W455,$C455)>0,#REF!,#REF!)), IF(X455 =#REF!,#REF! & " - " &#REF!, "Missing State"))),"")
AB456: =IF(C456<>"", IF(Y456=#REF!, IF($AA456<>"", IF(_xlfn.DAYS($AA456,$W456)>0,#REF!,#REF!),#REF! & " Missing Date"), IF(Y456=#REF!, IF($W456<>"", IF(_xlfn.DAYS($W456,$C456)>0,#REF!,#REF!)), IF(X456 =#REF!,#REF! & " - " &#REF!, "Missing State"))),"")
AB457: =IF(C457<>"", IF(Y457=#REF!, IF($AA457<>"", IF(_xlfn.DAYS($AA457,$W457)>0,#REF!,#REF!),#REF! & " Missing Date"), IF(Y457=#REF!, IF($W457<>"", IF(_xlfn.DAYS($W457,$C457)>0,#REF!,#REF!)), IF(X457 =#REF!,#REF! & " - " &#REF!, "Missing State"))),"")
AB458: =IF(C458<>"", IF(Y458=#REF!, IF($AA458<>"", IF(_xlfn.DAYS($AA458,$W458)>0,#REF!,#REF!),#REF! & " Missing Date"), IF(Y458=#REF!, IF($W458<>"", IF(_xlfn.DAYS($W458,$C458)>0,#REF!,#REF!)), IF(X458 =#REF!,#REF! & " - " &#REF!, "Missing State"))),"")
AB459: =IF(C459<>"", IF(Y459=#REF!, IF($AA459<>"", IF(_xlfn.DAYS($AA459,$W459)>0,#REF!,#REF!),#REF! & " Missing Date"), IF(Y459=#REF!, IF($W459<>"", IF(_xlfn.DAYS($W459,$C459)>0,#REF!,#REF!)), IF(X459 =#REF!,#REF! & " - " &#REF!, "Missing State"))),"")
AB460: =IF(C460<>"", IF(Y460=#REF!, IF($AA460<>"", IF(_xlfn.DAYS($AA460,$W460)>0,#REF!,#REF!),#REF! & " Missing Date"), IF(Y460=#REF!, IF($W460<>"", IF(_xlfn.DAYS($W460,$C460)>0,#REF!,#REF!)), IF(X460 =#REF!,#REF! & " - " &#REF!, "Missing State"))),"")
AB461: =IF(C461<>"", IF(Y461=#REF!, IF($AA461<>"", IF(_xlfn.DAYS($AA461,$W461)>0,#REF!,#REF!),#REF! & " Missing Date"), IF(Y461=#REF!, IF($W461<>"", IF(_xlfn.DAYS($W461,$C461)>0,#REF!,#REF!)), IF(X461 =#REF!,#REF! & " - " &#REF!, "Missing State"))),"")
AB462: =IF(C462<>"", IF(Y462=#REF!, IF($AA462<>"", IF(_xlfn.DAYS($AA462,$W462)>0,#REF!,#REF!),#REF! & " Missing Date"), IF(Y462=#REF!, IF($W462<>"", IF(_xlfn.DAYS($W462,$C462)>0,#REF!,#REF!)), IF(X462 =#REF!,#REF! & " - " &#REF!, "Missing State"))),"")
AB463: =IF(C463<>"", IF(Y463=#REF!, IF($AA463<>"", IF(_xlfn.DAYS($AA463,$W463)>0,#REF!,#REF!),#REF! & " Missing Date"), IF(Y463=#REF!, IF($W463<>"", IF(_xlfn.DAYS($W463,$C463)>0,#REF!,#REF!)), IF(X463 =#REF!,#REF! & " - " &#REF!, "Missing State"))),"")
... AB540: =IF(C540<>"", IF(Y540=#REF!, IF($AA540<>"", IF(_xlfn.DAYS($AA540,$W540)>0,#REF!,#REF!),#REF! & " Missing Date"), IF(Y540=#REF!, IF($W540<>"", IF(_xlfn.DAYS($W540,$C540)>0,#REF!,#REF!)), IF(X540 =#REF!,#REF! & " - " &#REF!, "Missing State"))),"")
F541: =IF(E541=#REF!,"A",IF(E541=#REF!,"A",IF(E541=#REF!,"N",IF(E541=#REF!,"P","")))) -> #REF! | G541: =IF(ISBLANK(C541),"",C541) | X541: =IF(W541>#REF!,"On Progress","") -> #REF! | Z541: =IF(ISBLANK(Y541),"",O541) | AB541: =IF(C541<>"", IF(Y541=#REF!, IF($AA541<>"", IF(_xlfn.DAYS($AA541,$W541)>0,#REF!,#REF!),#REF! & " Missing Date"), IF(Y541=#REF!, IF($W541<>"", IF(_xlfn.DAYS($W541,$C541)>0,#REF!,#REF!)), IF(X541 =#REF!,#REF! & " - " &#REF!, "Missing State"))),"")
F542: =IF(E542=#REF!,"A",IF(E542=#REF!,"A",IF(E542=#REF!,"N",IF(E542=#REF!,"P","")))) -> #REF! | G542: =IF(ISBLANK(C542),"",C542) | X542: =IF(W542>#REF!,"On Progress","") -> #REF! | Z542: =IF(ISBLANK(Y542),"",O542) | AB542: =IF(C542<>"", IF(Y542=#REF!, IF($AA542<>"", IF(_xlfn.DAYS($AA542,$W542)>0,#REF!,#REF!),#REF! & " Missing Date"), IF(Y542=#REF!, IF($W542<>"", IF(_xlfn.DAYS($W542,$C542)>0,#REF!,#REF!)), IF(X542 =#REF!,#REF! & " - " &#REF!, "Missing State"))),"")
F543: =IF(E543=#REF!,"A",IF(E543=#REF!,"A",IF(E543=#REF!,"N",IF(E543=#REF!,"P","")))) -> #REF! | G543: =IF(ISBLANK(C543),"",C543) | X543: =IF(W543>#REF!,"On Progress","") -> #REF! | Z543: =IF(ISBLANK(Y543),"",O543) | AB543: =IF(C543<>"", IF(Y543=#REF!, IF($AA543<>"", IF(_xlfn.DAYS($AA543,$W543)>0,#REF!,#REF!),#REF! & " Missing Date"), IF(Y543=#REF!, IF($W543<>"", IF(_xlfn.DAYS($W543,$C543)>0,#REF!,#REF!)), IF(X543 =#REF!,#REF! & " - " &#REF!, "Missing State"))),"")
F544: =IF(E544=#REF!,"A",IF(E544=#REF!,"A",IF(E544=#REF!,"N",IF(E544=#REF!,"P","")))) -> #REF! | G544: =IF(ISBLANK(C544),"",C544) | X544: =IF(W544>#REF!,"On Progress","") -> #REF! | Z544: =IF(ISBLANK(Y544),"",O544) | AB544: =IF(C544<>"", IF(Y544=#REF!, IF($AA544<>"", IF(_xlfn.DAYS($AA544,$W544)>0,#REF!,#REF!),#REF! & " Missing Date"), IF(Y544=#REF!, IF($W544<>"", IF(_xlfn.DAYS($W544,$C544)>0,#REF!,#REF!)), IF(X544 =#REF!,#REF! & " - " &#REF!, "Missing State"))),"")
F545: =IF(E545=#REF!,"A",IF(E545=#REF!,"A",IF(E545=#REF!,"N",IF(E545=#REF!,"P","")))) -> #REF! | G545: =IF(ISBLANK(C545),"",C545) | X545: =IF(W545>#REF!,"On Progress","") -> #REF! | Z545: =IF(ISBLANK(Y545),"",O545) | AB545: =IF(C545<>"", IF(Y545=#REF!, IF($AA545<>"", IF(_xlfn.DAYS($AA545,$W545)>0,#REF!,#REF!),#REF! & " Missing Date"), IF(Y545=#REF!, IF($W545<>"", IF(_xlfn.DAYS($W545,$C545)>0,#REF!,#REF!)), IF(X545 =#REF!,#REF! & " - " &#REF!, "Missing State"))),"")
F546: =IF(E546=#REF!,"A",IF(E546=#REF!,"A",IF(E546=#REF!,"N",IF(E546=#REF!,"P","")))) -> #REF! | G546: =IF(ISBLANK(C546),"",C546) | X546: =IF(W546>#REF!,"On Progress","") -> #REF! | Z546: =IF(ISBLANK(Y546),"",O546) | AB546: =IF(C546<>"", IF(Y546=#REF!, IF($AA546<>"", IF(_xlfn.DAYS($AA546,$W546)>0,#REF!,#REF!),#REF! & " Missing Date"), IF(Y546=#REF!, IF($W546<>"", IF(_xlfn.DAYS($W546,$C546)>0,#REF!,#REF!)), IF(X546 =#REF!,#REF! & " - " &#REF!, "Missing State"))),"")
F547: =IF(E547=#REF!,"A",IF(E547=#REF!,"A",IF(E547=#REF!,"N",IF(E547=#REF!,"P","")))) -> #REF! | G547: =IF(ISBLANK(C547),"",C547) | X547: =IF(W547>#REF!,"On Progress","") -> #REF! | Z547: =IF(ISBLANK(Y547),"",O547) | AB547: =IF(C547<>"", IF(Y547=#REF!, IF($AA547<>"", IF(_xlfn.DAYS($AA547,$W547)>0,#REF!,#REF!),#REF! & " Missing Date"), IF(Y547=#REF!, IF($W547<>"", IF(_xlfn.DAYS($W547,$C547)>0,#REF!,#REF!)), IF(X547 =#REF!,#REF! & " - " &#REF!, "Missing State"))),"")
F548: =IF(E548=#REF!,"A",IF(E548=#REF!,"A",IF(E548=#REF!,"N",IF(E548=#REF!,"P","")))) -> #REF! | G548: =IF(ISBLANK(C548),"",C548) | X548: =IF(W548>#REF!,"On Progress","") -> #REF! | Z548: =IF(ISBLANK(Y548),"",O548) | AB548: =IF(C548<>"", IF(Y548=#REF!, IF($AA548<>"", IF(_xlfn.DAYS($AA548,$W548)>0,#REF!,#REF!),#REF! & " Missing Date"), IF(Y548=#REF!, IF($W548<>"", IF(_xlfn.DAYS($W548,$C548)>0,#REF!,#REF!)), IF(X548 =#REF!,#REF! & " - " &#REF!, "Missing State"))),"")
F549: =IF(E549=#REF!,"A",IF(E549=#REF!,"A",IF(E549=#REF!,"N",IF(E549=#REF!,"P","")))) -> #REF! | G549: =IF(ISBLANK(C549),"",C549) | X549: =IF(W549>#REF!,"On Progress","") -> #REF! | Z549: =IF(ISBLANK(Y549),"",O549) | AB549: =IF(C549<>"", IF(Y549=#REF!, IF($AA549<>"", IF(_xlfn.DAYS($AA549,$W549)>0,#REF!,#REF!),#REF! & " Missing Date"), IF(Y549=#REF!, IF($W549<>"", IF(_xlfn.DAYS($W549,$C549)>0,#REF!,#REF!)), IF(X549 =#REF!,#REF! & " - " &#REF!, "Missing State"))),"")
F550: =IF(E550=#REF!,"A",IF(E550=#REF!,"A",IF(E550=#REF!,"N",IF(E550=#REF!,"P","")))) -> #REF! | G550: =IF(ISBLANK(C550),"",C550) | X550: =IF(W550>#REF!,"On Progress","") -> #REF! | Z550: =IF(ISBLANK(Y550),"",O550) | AB550: =IF(C550<>"", IF(Y550=#REF!, IF($AA550<>"", IF(_xlfn.DAYS($AA550,$W550)>0,#REF!,#REF!),#REF! & " Missing Date"), IF(Y550=#REF!, IF($W550<>"", IF(_xlfn.DAYS($W550,$C550)>0,#REF!,#REF!)), IF(X550 =#REF!,#REF! & " - " &#REF!, "Missing State"))),"")
F551: =IF(E551=#REF!,"A",IF(E551=#REF!,"A",IF(E551=#REF!,"N",IF(E551=#REF!,"P","")))) -> #REF! | G551: =IF(ISBLANK(C551),"",C551) | X551: =IF(W551>#REF!,"On Progress","") -> #REF! | Z551: =IF(ISBLANK(Y551),"",O551) | AB551: =IF(C551<>"", IF(Y551=#REF!, IF($AA551<>"", IF(_xlfn.DAYS($AA551,$W551)>0,#REF!,#REF!),#REF! & " Missing Date"), IF(Y551=#REF!, IF($W551<>"", IF(_xlfn.DAYS($W551,$C551)>0,#REF!,#REF!)), IF(X551 =#REF!,#REF! & " - " &#REF!, "Missing State"))),"")
F552: =IF(E552=#REF!,"A",IF(E552=#REF!,"A",IF(E552=#REF!,"N",IF(E552=#REF!,"P","")))) -> #REF! | G552: =IF(ISBLANK(C552),"",C552) | X552: =IF(W552>#REF!,"On Progress","") -> #REF! | Z552: =IF(ISBLANK(Y552),"",O552) | AB552: =IF(C552<>"", IF(Y552=#REF!, IF($AA552<>"", IF(_xlfn.DAYS($AA552,$W552)>0,#REF!,#REF!),#REF! & " Missing Date"), IF(Y552=#REF!, IF($W552<>"", IF(_xlfn.DAYS($W552,$C552)>0,#REF!,#REF!)), IF(X552 =#REF!,#REF! & " - " &#REF!, "Missing State"))),"")
... F578: =IF(E578=#REF!,"A",IF(E578=#REF!,"A",IF(E578=#REF!,"N",IF(E578=#REF!,"P","")))) -> #REF! | G578: =IF(ISBLANK(C578),"",C578) | X578: =IF(W578>#REF!,"On Progress","") -> #REF! | Z578: =IF(ISBLANK(Y578),"",O578) | AB578: =IF(C578<>"", IF(Y578=#REF!, IF($AA578<>"", IF(_xlfn.DAYS($AA578,$W578)>0,#REF!,#REF!),#REF! & " Missing Date"), IF(Y578=#REF!, IF($W578<>"", IF(_xlfn.DAYS($W578,$C578)>0,#REF!,#REF!)), IF(X578 =#REF!,#REF! & " - " &#REF!, "Missing State"))),"")
X579: =IF(W579>#REF!,"On Progress","") -> #REF! | Z579: =IF(ISBLANK(Y579),"",O579) | AB579: =IF(C579<>"", IF(Y579=#REF!, IF($AA579<>"", IF(_xlfn.DAYS($AA579,$W579)>0,#REF!,#REF!),#REF! & " Missing Date"), IF(Y579=#REF!, IF($W579<>"", IF(_xlfn.DAYS($W579,$C579)>0,#REF!,#REF!)), IF(X579 =#REF!,#REF! & " - " &#REF!, "Missing State"))),"")
...

Sheet Sheet1
A1: اللواء/ هشام صادق | B1: 14655
A2: محمد فؤاد خليل | B2: 10728
A3: علي صلاح علي | B3: 12212
A4: احمد مرسي مرسي | B4: 13335
A5: هاني لطفي المليجي | B5: 13411
A6: كريم مجدي احمد | B6: 14548
A7: احمد محمود بكري | B7: 14605
A8: احمد سعد طلبة | B8: 14982
A9: علاء عنتر محمد | B9: 14304
A10: محمود مصطفى سيد | B10: 15074
A11: محمد محمود عبدالعال | B11: 15006
A12: محمد موسى اسماعيل | B12: 15082
... A14: محمود فضل الله | B14: 15905

Sheet ورقة1
A3: م | B3: شهر | C3: تاريخ الرصد Record Date | D3: مصدر الحالة Source | E3: 100 | F3: Column1 | G3: الكود Code | H3: Column2 | I3: النماذج المستخدمة Forms | J3: منطقة الحدث | K3: المعدة / الأداه | L3: الإدارة المتواجد بها الحالة | M3: مكتشف الحالة / المتضرر Discovered by / Affected | N3: إسم الشخص القائم بالتبليغ | O3: محرر التقرير SHE. Editor | P3: وصف حالة عدم التطابق Description of non conformance | Q3: السبب Cause | R3: الوردية Shift | S3: درجة الخطورة Degree of Risk | T3: Sent | U3: الاجراء التصحيحي / الوقائي Corrective /Preventive Action | V3: الإدارة المنفذة Applied by | W3: تاريخ التنفيذ Target Date | X3: on progress | Y3: المتابعة Follow Up | Z3: المتابع Followed by | AA3: تاريخ الإغلاق Date of Close | AB3: Closed On Time
A4: 1 | B4: 44866 | C4: 44867 | D4: تفتيش داخلى | G4: 44867 | H4: -1 | J4: عنبر ويب1 | L4: الويب | P4: مدخنة ويب 4 بدون عزل حراري | Q4: تصرف غير آمن | R4: أولى | S4: متوسط | T4: OK | U4: تركيب العزل الحراري للمدخنة والمتابعة المستمرة للحالات المسشابه | V4: الادارة الهندسية | W4: 44603 | Y4: Closed | AA4: 44867 | AB4: On Time
A5: 2 | B5: 44866 | C5: 44631 | D5: تفتيش داخلى | G5: 44631 | H5: -1 | J5: عنبر التجليد 2 | L5: التجليد | P5: اثناء مرور مشرف السلامة تلاحظ صوت عالى من ماكينة كولبوس2 نتيجة لتسريب الهواء | Q5: تصرف غير آمن | R5: ثانية | S5: متوسط | T5: OK | U5: تغيير الخرطوم التالف من قبل إدارة الصيانة | V5: الادارة الهندسية | W5: 44631 | Y5: Closed | AA5: 44631 | AB5: On Time
A6: 3 | B6: 44866 | C6: 44873 | D6: تفتيش داخلى | G6: 44784 | H6: -1 | J6: عنبر ويب1 | L6: الويب | P6: تسريب مياه وزيت من ماكينة ويب6 | Q6: تصرف غير آمن | R6: ثانية | S6: عالي | T6: OK | U6: تم الابلاغ وتم عمل الصيانة اللازمة | V6: الادارة الهندسية | W6: 44784 | Y6: Closed | AA6: 44784 | AB6: On Time
A7: =A6+1 -> 4 | B7: 44866 | C7: 44876 | D7: تفتيش داخلى | G7: 44876 | H7: -1 | J7: المخزن الجديد | L7: المخازن | P7: وجود ماكينات التغليف بعنبر رقم2 بجوار المنتج | Q7: تصرف غير آمن | R7: أولى | S7: عالي | T7: OK | U7: توفير مكان امن لماكينات الشرنك بعيداً عن المنتج | V7: المخازن | Y7: Opened
A8: =A7+1 -> 5 | B8: 44866 | C8: 44876 | D8: تفتيش داخلى | G8: 44876 | H8: -1 | J8: المخزن الجديد | L8: المخازن | P8: وجود سخان كهربي بمكتب الامن لا ينطبق علية شروط السلامة | Q8: تصرف غير أمن | R8: أولى | S8: عالي | T8: OK | U8: تم ازالة السخان فى الحال | V8: المخازن | W8: 44876 | Y8: Closed | AA8: 44876 | AB8: On Time
A9: =A8+1 -> 6 | B9: 44896 | C9: 44897 | D9: تفتيش داخلى | G9: 44604 | H9: -1 | J9: عنبر التجليد 1 | L9: التجليد | P9: وجود تخزينات من الكرتون واكياس الاستريتش بجوار لوحات الكهرباء بجوار ماكينة التجليد | Q9: عدم ترتيب و تنظيم | R9: أولى | S9: متوسط | T9: OK | U9: ازالة التخزينات والتنبية على العاملين بعد رص الخامات والمنتج بجوار لوحات الكهرباء | V9: التجليد | W9: 44604 | Y9: Closed | AA9: 44604 | AB9: On Time
A10: =A9+1 -> 7 | B10: 44896 | C10: 44899 | D10: تفتيش داخلى | G10: 44663 | H10: -1 | J10: شارع الدشت | L10: الادارة الهندسية | P10: مواسير وعدادات الغاز المغذية لعنابر الانتاج ليس بوضع امن | Q10: وضع غير أمن | R10: أولى | S10: عالي | T10: OK | U10: تم التواصل مع مسئولي الادارة الهندسية بعمل حواجز حماية لجميع الاوضاع المشابه | V10: الادارة الهندسية | W10: 44663 | Y10: Closed | AA10: 44816
A11: =A10+1 -> 8 | B11: 44896 | C11: 44903 | D11: تفتيش داخلى | G11: 44785 | H11: -1 | J11: غرف الغاز | L11: الويب | P11: وجود تخزينات منتج امام غرف الغاز | Q11: عدم ترتيب و تنظيم | R11: ثانية | S11: متوسط | T11: OK | U11: التواصل مع مشرف المنطقة وشرح خطورة الموقف من قبل مشرف السلامة والتنبية علية بعدم التخزين مره اخرى | V11: الانتاج | W11: 44785 | Y11: Closed | AA11: 44785 | AB11: On Time
A12: =A11+1 -> 9 | B12: 44896 | C12: 44903 | D12: حادث وشيك | G12: 44785 | H12: -2 | J12: عنبر ويب2 | L12: الانتاج | P12: اثناء رفع سائق الكلارك للبكر وتوصيلة الى ماكينات الويب اصطدم بأحدى محابس الحريق(كسر الطارة الخارجية) | Q12: وضع غير أمن | R12: أولى | S12: عالي | T12: OK | U12: تم تركيب الطارة والتواصل مع مسئولي الانتاج بعد رص الخامات والمنتج اسفل محابس الحريق | V12: الانتاج | W12: 44785 | Y12: Closed | AA12: 44846 | AB12: On Time
A13: =A12+1 -> 10 | B13: 44896 | C13: 44905 | D13: تفتيش داخلى | G13: 44846 | H13: -1 | J13: المخزن القديم | L13: السلامة و الصحة | P13: ترشيح مياه من حائط خزان الحريق | Q13: وضع غير أمن | R13: أولى | S13: عالي | T13: OK | U13: التواصل مع الادارة الهندسية لتوفير احدى الشركات لعمل الاجراء التصحيحي اللازم | V13: الادارة الهندسية | W13: 44877 | Y13: Closed | AA13: 20-12-2022
A14: =A13+1 -> 11 | B14: 44896 | C14: 44916 | D14: تفتيش داخلى | G14: 21-12-2022 | H14: -1 | J14: عنبر ويب2 | L14: الادارة الهندسية | P14: تسريب مياه من مجر صرف الامطار داخل عنبر ويب2 نتيجة (ارتفاع فتحات الصرف بالمجر من اعلى) | Q14: وضع غير أمن | R14: أولى | S14: عالي | T14: OK | U14: تم ارسال ميل للادارة المختصة لارسال احدى الشركات المختصة بعمل اللازم | V14: الادارة الهندسية | W14: 21-12-2022 | Y14: Opened
A15: =A14+1 -> 12 | B15: 44896 | C15: 44924 | D15: تفتيش داخلى | G15: 29-12-2022 | H15: -1 | J15: المخزن القديم | L15: المخازن | P15: مشمعات واستريتش بلاستيك بشكل كثيف بالمخزن | Q15: عدم ترتيب و تنظيم | R15: أولى | S15: متوسط | U15: التواصل مع المسئولين بالمخزن وتم رفع التخزينات | V15: المخازن | W15: 29-12-2022 | Y15: Closed | AA15: 29-12-2022
A16: =A15+1 -> 13 | B16: 44927 | C16: 44930 | D16: تفتيش داخلى | G16: 44930 | H16: -6 | J16: عنبر ويب 3 | K16: ويب7 | L16: الويب | P16: وجود تسريب مياه وزيت بجوار ويب 7 | Q16: تصرف غير أمن | R16: أولى | S16: متوسط | T16: OK | U16: تنظيف المكان و ازالة الزيت والمياه من على الارض | V16: الويب | W16: 45017 | X16: end | Y16: Closed | Z16: م/ادهم مصطفى | AA16: 45017 | AB16: OK
A17: =A16+1 -> 14 | B17: 44927 | C17: 44930 | D17: تفتيش داخلى | G17: 44930 | H17: -7 | J17: عنبر التجليد 1 | K17: امام المكبس | L17: التجليد | P17: وجود بشر كثير اسفل المكبس | Q17: وضع غير أمن | R17: أولى | S17: عالي | T17: OK | U17: تنظيف المكان جيدا من البشر , اصلاح اي اعطال طارئة بالمكبس او مراوح السحب | V17: الادارة الهندسية | W17: 29/1/2023 | X17: end | Y17: Closed | Z17: م/ادهم مصطفى | AA17: 29/1/2023 | AB17: ok
A18: =A17+1 -> 15 | B18: 44927 | C18: 44936 | D18: تفتيش داخلى | G18: 44936 | H18: -1 | J18: عنبر ويب1 | K18: ماكينة الشرينك | L18: الادارة الهندسية | P18: كابل تالف الخاص بماكينة الشرينك ويحتاج الى تغيير , بجوار سيتما 1,2 | Q18: وضع غير أمن | R18: أولى | S18: عالي | T18: OK | U18: تغيير الكابل التالف في اسرع وقت و المتابعة الدورية لصيانة الماكينة | V18: الادارة الهندسية | W18: 45200 | X18: end | Y18: Closed | Z18: م/ادهم مصطفى | AA18: 45200 | AB18: ok
A19: =A18+1 -> 16 | B19: 44927 | C19: 44938 | D19: تفتيش داخلى | G19: 44938 | H19: -1 | J19: عنبر ويب2 | K19: اعلى عنبر ويب 2 | L19: الادارة الهندسية | P19: كابل كهرباء غير مشدود على ترى الكهرباء و يمر من اعلى المواسير | Q19: وضع غير أمن | R19: أولى | S19: متوسط | T19: OK | U19: تعديل مسار كابل الكهرباء و شده على ترى الكهرباء | V19: الادارة الهندسية | W19: 27/1/2023 | X19: end | Y19: Closed | Z19: م/ادهم مصطفى | AA19: 27/1/2023 | AB19: ok
A20: =A19+1 -> 17 | B20: 44927 | C20: 44938 | D20: تفتيش داخلى | G20: 44938 | H20: -2 | J20: عنبر ويب2 | K20: عنبر ويب2 | L20: الادارة الهندسية | P20: وجود مكن تالف وقطع غيار تالفة في منتصف العنبر | Q20: عدم ترتيب و تنظيم | R20: أولى | S20: متوسط | T20: OK | U20: ازالة اي مخلفات من قطع الغيار او المكن التالف و التخلص منه بشكل امن وسليم | V20: الادارة الهندسية | X20: yes | Y20: Opened | Z20: م/ادهم مصطفى | AB20: DELAYED
A21: =A20+1 -> 18 | B21: 44927 | C21: 44938 | D21: تفتيش داخلى | G21: 44938 | H21: -3 | J21: عنبر ويب2 | K21: تونجر الشحن | L21: الادارة الهندسية | P21: وجود تونجر شحن بطاريات الكلاركات الكهرباء بمنتصف العنبر و بجوار المخلفات و بدون توفير اماكن لشحن الكلاركات او اجراءات وقائية | Q21: وضع غير أمن | R21: أولى | S21: متوسط | T21: OK | U21: تغيير مكان الشحن للكلاركات و توفير وسائل امان و سلامة للتونجر | V21: الادارة الهندسية | W21: 27/1/2023 | X21: yes | Y21: Closed | Z21: م/ادهم مصطفى | AA21: 29/1/2023 | AB21: ok
A22: =A21+1 -> 19 | B22: 44927 | C22: 44938 | D22: تفتيش داخلى | G22: 44938 | H22: -4 | J22: عنبر ويب2 | K22: لوحات ويب 11 | L22: الادارة الهندسية | P22: مخلفات خشبية وورقية واسلاك كهربائية بجوار لوح كهرباء ويب11 | Q22: عدم ترتيب و تنظيم | R22: أولى | S22: متوسط | T22: OK | U22: المتابعة الدورية لصيانة المنشأة ومتابعة نظافة العنابر | V22: الادارة الهندسية | W22: 27/1/2023 | X22: end | Y22: Closed | Z22: م/ادهم مصطفى | AA22: 27/1/2023 | AB22: ok
A23: =A22+1 -> 20 | B23: 44927 | C23: 44938 | D23: تفتيش داخلى | G23: 44938 | H23: -5 | J23: عنبر ويب2 | K23: ويب 11 و 10 | L23: الادارة الهندسية | P23: وجود مخلفات لقطع غيار تالفة اسفل ويب 11.10 | Q23: عدم ترتيب و تنظيم | R23: أولى | S23: متوسط | T23: OK | U23: المتابعة الدورية لصيانةونظافة الماكينة و حول الماكينة | V23: الادارة الهندسية | W23: 27/1/2023 | X23: end | Y23: Closed | Z23: م/ادهم مصطفى | AA23: 27/1/2023 | AB23: ok
A24: =A23+1 -> 21 | B24: 44927 | C24: 44938 | D24: تفتيش داخلى | G24: 44938 | H24: -6 | J24: عنبر ويب2 | K24: لوحات ويب 10 | L24: الادارة الهندسية | P24: عدم احكام وغلق اسفل لوحات الكهرباء بجوار ويب 10 | Q24: وضع غير أمن | R24: أولى | S24: متوسط | T24: OK | U24: المتابعة الدورية لصيانة المنشأة | V24: الادارة الهندسية | W24: 27/1/2023 | X24: end | Y24: Closed | Z24: م/ادهم مصطفى | AA24: 27/1/2023 | AB24: ok
A25: =A24+1 -> 22 | B25: 44927 | C25: 44938 | D25: تفتيش داخلى | G25: 44938 | H25: -7 | J25: عنبر ويب2 | K25: ويب10 | L25: الادارة الهندسية | P25: تسريب سائل من مواسير ويب 10 على لوحة كهرباء | Q25: وضع غير أمن | R25: أولى | S25: عالي | T25: OK | U25: المتابعة الدورية لصيانة الماكينة | V25: الادارة الهندسية | W25: 29/1/2023 | X25: end | Y25: Closed | Z25: م/ادهم مصطفى | AA25: 29/1/2023 | AB25: ok
A26: =A25+1 -> 23 | B26: 44927 | C26: 44938 | D26: تفتيش داخلى | G26: 44938 | H26: -8 | J26: عنبر ويب2 | K26: فرن | L26: الادارة الهندسية | P26: استخدام فرن بدرجات حرارة عالية وبجوار مخلفات ورقية لويب 11 وبدون استخدام وسائل امان للفرن | Q26: وضع غير أمن | R26: أولى | S26: متوسط | T26: OK | U26: تغيير مكان الفرن و استخدام وسائل حماية و امان للافراد وتوعية العاملين بمخاطر تشغيل الفرن | V26: الادارة الهندسية | X26: yes | Y26: Opened | Z26: م/ادهم مصطفى | AB26: DELAYED
A27: =A26+1 -> 24 | B27: 44927 | C27: 44945 | D27: حادث وشيك | G27: 44945 | H27: -1 | J27: عنبر ويب1 | K27: ويب4 | L27: الادارة الهندسية | P27: انزلاق البكر من على عربة المشاية الخاصة بنقل البكر من منطقة التخزين لرفعها على الماكينة | Q27: وضع غير أمن | R27: ليلية | S27: متوسط | T27: OK | U27: تركيب حواجز بصدادات ارضية بجوار العربة | V27: الادارة الهندسية | W27: 45017 | X27: end | Y27: Closed | Z27: م/ادهم مصطفى | AA27: 45017 | AB27: DELAYED
A28: =A27+1 -> 25 | B28: 44927 | C28: 44949 | D28: تفتيش داخلى | G28: 44949 | H28: -1 | J28: المخزن الجديد | K28: عنبر 3 | L28: المخازن | P28: محبس حريق 2.5 بوصة و صندوق الحريق اعلى 3 كابلات كهرباء المغذية للعنبر | Q28: وضع غير أمن | R28: أولى | S28: متوسط | T28: OK | U28: تعديل اي من صندوق الحريق او مسار الكابلات | V28: الشؤون الادارية | W28: 45102 | X28: end | Y28: Closed | Z28: هاني لطفي | AA28: 45102 | AB28: DELAYED
A29: =A28+1 -> 26 | B29: 44927 | C29: 23/1/2023 | D29: تفتيش داخلى | G29: 44949 | H29: -2 | J29: المخزن الجديد | K29: عنبر 1 | L29: المخازن | P29: فيش كهرباء خارجية في الشارع الجانبي لعنبر 1 مكسورة و بها كهرباء | Q29: وضع غير أمن | R29: أولى | S29: متوسط | T29: OK | U29: تغيير اي فيش كهرباء تالفه واستبدالها باخرى معتمدة و مؤمنة | V29: الشؤون الادارية | W29: 45102 | X29: end | Y29: Closed | Z29: هاني لطفي | AA29: 45102 | AB29: DELAYED
A30: =A29+1 -> 27 | B30: 44927 | C30: 23/1/2023 | D30: تفتيش داخلى | G30: 44949 | H30: -3 | J30: المكابس | K30: المكبس | L30: الادارة الهندسية | P30: وجود لوحة كهرباء خاصة بالمكبس تحتاج الى قفل | Q30: وضع غير أمن | R30: أولى | S30: متوسط | T30: OK | U30: يجب عمل قفل على لوحة الكهرباء الخاصة بالمكبس | V30: الادارة الهندسية | W30: 29/1/2023 | X30: end | Y30: Closed | Z30: م/ادهم مصطفى | AA30: 29/1/2023 | AB30: ok
A31: =A30+1 -> 28 | B31: 44927 | C31: 23/1/2023 | D31: تفتيش داخلى | G31: 44949 | H31: -4 | J31: عنبر ويب2 | K31: ويب 11 | L31: الادارة الهندسية | P31: وجود زيت و مياه في الترى الخاص بالكابلات الكهربائية | Q31: وضع غير أمن | R31: ليلية | S31: متوسط | T31: OK | U31: تنظيف المكان في اسرع وقت ومتابعة دورية | V31: الادارة الهندسية | W31: 23/1/2023 | X31: end | Y31: Closed | Z31: م/ادهم مصطفى | AA31: 29/1/2023 | AB31: ok
A32: =A31+1 -> 29 | B32: 44927 | C32: 23/1/2023 | D32: تفتيش داخلى | G32: 44949 | H32: -5 | J32: عنبر ويب 3 | K32: حمامات عنبر ويب 3 | L32: الشؤون الادارية | P32: حمامات عنبر ويب 3 تحتاج الى تنظيف جيد | Q32: وضع غير أمن | R32: ليلية | S32: متوسط | T32: OK | U32: تنظيف الحمامات باستمرار و المتابعة الدورية عليها | V32: الشؤون الادارية | W32: 23/1/2023 | X32: end | Y32: Closed | Z32: احمد مرسي | AA32: 23/1/2023 | AB32: OK
A33: =A32+1 -> 30 | B33: 44927 | C33: 24/1/2023 | D33: تفتيش داخلى | G33: 44950 | H33: -1 | J33: عنبر ويب2 | K33: تنك الاحبار لويب 10 | L33: الادارة الهندسية | P33: وجود توصيلات كهرباء عشوائية خاصة ببستم و تنك الاحبار | Q33: وضع غير أمن | R33: أولى | S33: متوسط | T33: OK | U33: توصيل بشكل جيد او تريه خاص به | V33: الادارة الهندسية | W33: 14/2/2023 | X33: end | Y33: Closed | Z33: م/ادهم مصطفى | AA33: 14/2/2023 | AB33: ok
A34: =A33+1 -> 31 | B34: 44927 | C34: 24/1/2023 | D34: تفتيش داخلى | G34: 44950 | H34: -2 | J34: عنبر ويب 3 | K34: المسجد | L34: الادارة الهندسية | P34: وجود كابلات عشوائية خاصة بسماعة المسجد بجوار ويب 2 | Q34: وضع غير أمن | R34: أولى | S34: متوسط | T34: OK | U34: توصيل الكابلات بشكل امن | V34: الشؤون الادارية | W34: 14/2/2023 | X34: end | Y34: Closed | Z34: م/ادهم مصطفى | AA34: 14/2/2023 | AB34: ok
A35: =A34+1 -> 32 | B35: 44927 | C35: 27/1/2023 | D35: تفتيش داخلى | G35: 44953 | H35: -1 | J35: المخزن الجديد | K35: المخزن الجديد | L35: الادارة الهندسية | P35: وجود كابل كهرباء 3 فاز خارج الحائط بدون عزل | Q35: وضع غير أمن | R35: أولى | S35: عالي | T35: OK | U35: عزل كابل الكهرباء | V35: الادارة الهندسية | W35: 27/1/2023 | X35: end | Y35: Closed | Z35: م/ادهم مصطفى | AA35: 27/1/2023 | AB35: ok
A36: =A35+1 -> 33 | B36: 44927 | C36: 30/1/2023 | D36: تفتيش داخلى | G36: 44956 | H36: -1 | J36: المكاتب الادارية | K36: الخزينة | L36: الشؤون الادارية | P36: وجود مشترك كهرباء بالممر بجانب مكتب امين الخزينة | Q36: وضع غير أمن | R36: أولى | S36: متوسط | T36: OK | U36: تغير و تعديل المشترك باخر مناسب | V36: الشؤون الادارية | W36: 14/2/2023 | X36: yes | Y36: Closed | Z36: م/ادهم مصطفى | AA36: 14/2/2023 | AB36: ok
A37: =A36+1 -> 34 | B37: 44927 | C37: 30/1/2023 | D37: حادث وشيك | G37: 44956 | H37: -2 | J37: المخزن القديم | K37: مبيت الامن | L37: الشؤون الادارية | P37: سقف مبيت الامن معرض للسقوط و غير مسموح بالعمل تحته | Q37: وضع غير أمن | R37: أولى | S37: عالي | T37: OK | U37: تقرير فني لتوضيح اعمال الصيانة للسقف و ترميمه ( تم ابلاغ شركة اوزوريون لعمل التقرير ) | V37: الشؤون الادارية | W37: 45102 | X37: yes | Y37: Closed | Z37: م/ادهم مصطفى | AA37: 45102 | AB37: dELAYED
A38: =A37+1 -> 35 | B38: 44958 | C38: 45171 | D38: تفتيش داخلى | G38: 44966 | H38: -3 | J38: المخزن الجديد | K38: امام عنبر 1 | L38: المخازن | P38: وجود تنكات السولار امام عنبر 1 | Q38: وضع غير أمن | R38: أولى | S38: متوسط | T38: OK | U38: نقل تنكات السولار في مكان امن داخل المخزن الجديد | V38: المخازن | W38: 45171 | X38: End | Y38: Closed | Z38: م/ادهم مصطفى | AA38: 45171 | AB38: ok
A39: =A38+1 -> 36 | B39: 44958 | C39: 45171 | D39: تفتيش داخلى | G39: 44966 | H39: -4 | J39: المخزن الجديد | K39: خزان الحريق | L39: السلامة و الصحة | P39: عدم وجود عوامة في خزان مياه الحريق | Q39: وضع غير أمن | R39: أولى | S39: متوسط | T39: OK | U39: تركيب عوامة لخزان المياه الخاص بشبكة الحريق | V39: السلامة و الصحة | W39: 45171 | X39: End | Y39: Closed | Z39: م/ادهم مصطفى | AA39: 45171 | AB39: ok
A40: =A39+1 -> 37 | B40: 44958 | C40: 16/2/2023 | D40: تفتيش داخلى | G40: 44973 | H40: -1 | J40: المخزن القديم | K40: غرفة مولد الديزل | L40: الادارة الهندسية | P40: وجود بواط تجميع كابلات كهرباء بجوار ماسورة مدخنة الديزل وكابل تشغيل باور لوحة الإنذار بغرفتين الكهرباء و الديزل يمر بفتحة المدخنة بالقرب من ماسورة العادم | Q40: وضع غير أمن | R40: أولى | S40: متوسط | T40: OK | U40: تعديل بواط الكهرباء ومسار الكابل بعيدا عن اي مصدر حرارة | V40: الادارة الهندسية | W40: 45078 | X40: end | Y40: Closed | Z40: م/ادهم مصطفى | AA40: 45078 | AB40: DELAYED
A41: =A40+1 -> 38 | B41: 44958 | C41: 16/2/2023 | D41: تفتيش داخلى | G41: 44973 | H41: -2 | J41: عنبر ويب 3 | K41: سطح العنبر | L41: الادارة الهندسية | P41: مروحة شفاط تحتاج ال شبكة حماية | Q41: وضع غير أمن | R41: أولى | S41: متوسط | T41: OK | U41: تركيب شبكة حماية لتجنب دخول طيور او قوارض و تلفها | V41: الادارة الهندسية | W41: 45111 | X41: YES | Y41: Closed | Z41: م/ادهم مصطفى | AA41: 45111 | AB41: DELAYED
A42: =A41+1 -> 39 | B42: 44958 | C42: 22/2/2023 | D42: تفتيش داخلى | G42: 44979 | H42: -1 | J42: الساحة الاماية بالمطابع | K42: سلم مدفع الحريق | L42: الادارة الهندسية | P42: كسر في الدرجة الأولى من سلم مدفع الحريق الموجود في الساحة امام بوابة الأمن | Q42: وضع غير أمن | R42: أولى | S42: منخفض | T42: OK | U42: صيانة السلم ولحام الدرجة المكسورة | V42: الادارة الهندسية | W42: 45021 | X42: End | Y42: Closed | Z42: م/ادهم مصطفى | AA42: 45021 | AB42: DELAYED
A43: =A42+1 -> 40 | B43: 44958 | C43: 22/2/2023 | D43: تفتيش داخلى | G43: 44979 | H43: -2 | J43: عنبر ويب2 | K43: سلم مكاتب (امام ويب11) | L43: الادارة الهندسية | P43: كسر في الدرجة الأولى لسلم المكاتب الإدارية داخل عنبر ويب2 وامام ماكينة ويب 11 | Q43: وضع غير أمن | R43: أولى | S43: منخفض | T43: OK | U43: صيانة السلم ولحام الدرجة المكسورة وتدعيم باقي لبدرجات كما واضح في السلم العلوي | V43: الادارة الهندسية | W43: 45021 | X43: End | Y43: Closed | Z43: م/ادهم مصطفى | AA43: 45021 | AB43: DELAYED
A44: =A43+1 -> 41 | B44: 44958 | C44: 22/2/2023 | D44: تفتيش داخلى | G44: 44979 | H44: -3 | J44: الشارع امام المطابع | K44: غسيل السيارات امام المطابع | L44: الشؤون الادارية | P44: غسيل سيارات نقل العاملين و نقل المنتج في الشارع و امام المطابع بدون إستخدام معدات غسيل السيارات او توفير مكان لغسيل ويعتبر مخالفة قانونية تؤدي الى غرامات مالية من جهاز المدينة | Q44: وضع غير أمن | R44: أولى | S44: منخفض | T44: OK | U44: توفير مكان ومعدات لغسيل السيارات داخل المطابع او في إحدى مخازن الشركة | V44: الشؤون الادارية | X44: YES | Y44: Opened | Z44: م/ادهم مصطفى | AB44: DELAYED
A45: =A44+1 -> 42 | B45: 44958 | C45: 28/2/2023 | D45: تفتيش داخلى | G45: 44985 | H45: -1 | J45: المكاتب الادارية | K45: حمامات الإدارة | L45: الشؤون الادارية | P45: عدم وجود غطاء ببريزة تشغيل السخان | Q45: وضع غير أمن | R45: أولى | S45: متوسط | T45: OK | U45: تم التواصل مع المختص بعمل اللازم | V45: الشؤون الادارية | W45: 28/2/2023 | X45: End | Y45: Closed | Z45: عبدالعاطي السعيد | AA45: 28/2/2023 | AB45: ok
A46: =A45+1 -> 43 | B46: 44958 | C46: 28/2/2023 | D46: تفتيش داخلى | G46: 44985 | H46: -2 | J46: المكاتب الادارية | K46: حمامات الإدارة | L46: الشؤون الادارية | P46: قاعدة الحمام مخلوعة و تحتاج إلى تثبيت | Q46: وضع غير أمن | R46: أولى | S46: متوسط | T46: OK | U46: تم التواصل مع المختص بعمل اللازم | V46: الشؤون الادارية | W46: 28/2/2023 | X46: End | Y46: Closed | Z46: عبدالعاطي السعيد | AA46: 28/2/2023 | AB46: ok
A47: =A46+1 -> 44 | B47: 44958 | C47: 28/2/2023 | D47: تفتيش داخلى | G47: 44985 | H47: -3 | J47: المخزن الجديد | K47: ونش المقاول | L47: السلامة و الصحة | P47: ونش تلسكوبي غير مطابق للمواصفات ووير التحميل تالف و الركائز تالفة و شهادة المعايرة غير مطابقو للونش وغير سليمة | Q47: وضع غير أمن | R47: أولى | S47: عالي | T47: OK | U47: تم إيقاف الونش و تم إستبداله بأخر مطابق | V47: السلامة و الصحة | W47: 28/2/2023 | X47: End | Y47: Closed | Z47: م/ادهم مصطفى | AA47: 28/2/2023 | AB47: ok
A48: =A47+1 -> 45 | B48: 44986 | C48: 44986 | D48: تفتيش خارجي | G48: 44986 | H48: -1 | J48: المنطقة الخلفية و المخازن | K48: مخزن احبار طبع الشيت | L48: طبع الشيت | P48: مخزن احبار في المطابع وبجوار المكابس في الشارع الخلفي امام مخزن الزيوت بدون توفير وسائل سلامة وامان للمخزن من إضاءة او تهوية او معدات مكافحة حرئق و بدون لوحة إرشادية | Q48: وضع غير أمن | R48: أولى | S48: متوسط | T48: OK | U48: تغيير مكان المخزن وبتوفير الوسائل المناسبة او توفير الوسائل لنفس المكان | V48: طبع الشيت | W48: 45102 | X48: end | Y48: Closed | Z48: م/ادهم مصطفى | AA48: 45102 | AB48: DELAYED
A49: =A48+1 -> 46 | B49: 44986 | C49: 44986 | D49: تفتيش داخلى | G49: 44986 | H49: -2 | J49: عنبر الطبع شيت 1 | K49: براميل كحول بجوار KBA | L49: طبع الشيت | P49: وجود براميل حديد من الكحول خلف ماكينة KBA وينتج عنها احمال حرارية عالية وايضاً البراميل بجوار لوحات كهرباء خاصة بماكينات العنبر وعلى بالون خشب عازل تسريب الكهرباء الأستاتيكية الى سطح الأرض | Q49: وضع غير أمن | R49: أولى | S49: متوسط | T49: OK | U49: توفير وسائل امان وسلامة للتداول وتخزين السوائل القابلة للإشتعال | V49: طبع الشيت | W49: 45202 | X49: Yes | Y49: Closed | Z49: م/ادهم مصطفى | AA49: 45202 | AB49: OK
A50: =A49+1 -> 47 | B50: 44986 | C50: 44986 | D50: تفتيش داخلى | G50: 44991 | H50: -1 | J50: شارع الدشت | K50: امام ورشة الحدادة | L50: مقاول خارجي | P50: معدات كهربائية غير مطابقة لمواصفات السلامة وتوصيلات كهربائية غير امنة وعدم استخدام العاملين مهمات الوقاية الشخصية | Q50: وضع غير أمن | R50: أولى | S50: عالي | T50: OK | U50: تم ايقاف الأعمال لخطورة الاعمال و المعدات الغير أمنة و التوصيلات الكهربائية الغير أمنة | V50: السلامة و الصحة | W50: 45080 | X50: End | Y50: Closed | Z50: م/ادهم مصطفى | AA50: 45080 | AB50: OK
A51: =A50+1 -> 48 | B51: 44986 | C51: 44992 | D51: تفتيش داخلى | G51: 44992 | H51: -1 | J51: عنبر الطبع شيت 1 | K51: امام KBA | L51: الادارة الهندسية | P51: مفتاح كهربائي يحتاج إالى توصيل جيد و كابلات كهربائية بدون عزل او ترى كهرباء | Q51: وضع غير أمن | R51: أولى | S51: متوسط | T51: OK | U51: تعديل الوصلات و الكابلات و مفتاح الكهرباء طبقا للأسس الهندسي السليم و طبقا لتعليمات السلامة | V51: الادارة الهندسية | W51: 45020 | X51: Yes | Y51: Closed | Z51: م/ادهم مصطفى | AA51: 45020 | AB51: OK
A52: =A51+1 -> 49 | B52: 44986 | C52: 44992 | D52: تفتيش داخلى | G52: 44992 | H52: -2 | J52: عنبر الطبع شيت 1 | K52: حائط يمين العنبر | L52: الادارة الهندسية | P52: يوجد لوحات كهرباء ماكينات الطباعة تحتاج إلى احكام الغلق و التثبيت و كما يوجد غطاء حديد للكابلات على الأرض يحتاج الى تثبيت | Q52: وضع غير أمن | R52: أولى | S52: متوسط | T52: OK | U52: تعديل و تثيت لوحات الكهرباء و أغطية اللوحات و اغطية الكابلات على الأرض | V52: الادارة الهندسية | W52: 45020 | X52: Yes | Y52: Closed | Z52: م/ادهم مصطفى | AA52: 45020 | AB52: OK
A53: =A52+1 -> 50 | B53: 44986 | C53: 44992 | D53: تفتيش داخلى | G53: 44992 | H53: -3 | J53: عنبر الطبع شيت 1 | K53: غرفة ماكينة KBA | L53: الادارة الهندسية | P53: لا يتوافر تهوية مناسية للماكينة ولا تهوية مناسبة للعاملين على الرغم من توفير معدات تهوية ولكن تحتاج إلى صيانة و متابعة دورية لها , عند الفحص لوحظ وجود ابخرة لمواد سائلة خانقة للعاملين و عند تجربة مزود الهواء النقي للغرفة كان لا يعمل وكذلك نظام سحب الهواء من الغرفة | Q53: وضع غير أمن | R53: أولى | S53: متوسط | T53: OK | U53: المتابعة الدورية لمعدات التهوية حفاظا على صحة العاملين و على كفاءاة تشغيل المعدات | V53: الادارة الهندسية | X53: Yes | Y53: Closed | Z53: م/ادهم مصطفى | AB53: DELAYED
A54: =A53+1 -> 51 | B54: 44986 | C54: 19/3/2023 | D54: تفتيش داخلى | G54: 45004 | H54: -1 | J54: عنبر الطبع شيت 1 | K54: لوحة ضبط اللون CT04 | L54: الادارة الهندسية | P54: وجود كشاف بدون غطاء و به اسلاك تحتاج إلى غطاء حماية . | Q54: وضع غير أمن | R54: أولى | S54: متوسط | T54: OK | U54: تركيب غطاء للكشاف | V54: الادارة الهندسية | W54: 45020 | X54: End | Y54: Closed | Z54: م/ادهم مصطفى | AA54: 45020 | AB54: OK
A55: =A54+1 -> 52 | B55: 44986 | C55: 20/3/2023 | D55: تفتيش داخلى | G55: 45005 | H55: -1 | J55: عنبر الطبع شيت 1 | K55: مروحة التشلر(بلكونة الطبع) | L55: الادارة الهندسية | P55: مروحة التشلر الخاص بعنبر الطبع (بلكونة الطبع) بدون شبكة بالمروحة أو كڤر من الممكن اصابة أحد العاملين أثناء اعمال الصيانات أو نظافة مجر الصرف | Q55: وضع غير أمن | R55: أولى | S55: متوسط | T55: OK | U55: تركيب شبكة حماية للمروحة | V55: الادارة الهندسية | W55: 45111 | X55: end | Y55: Closed | Z55: م/ادهم مصطفى | AA55: 45111 | AB55: DELAYED
A56: =A55+1 -> 53 | B56: 44986 | C56: 20/3/2023 | D56: تفتيش داخلى | G56: 45005 | H56: -2 | J56: عنبر الطبع شيت 1 | K56: مدخنة ماكينة الUV | L56: الادارة الهندسية | P56: مدخنة ماكينة الUV معرضة لسقوط مياه المطر بها يجب تركيب كڤر أعلى المدخنة (عصفورة) | Q56: وضع غير أمن | R56: أولى | S56: متوسط | T56: OK | U56: تركيب غطاء حماية للمدخنة لتجنب سقوط امطار او طيور او قوارض داخلها | V56: الادارة الهندسية | W56: 45111 | X56: end | Y56: Closed | Z56: م/ادهم مصطفى | AA56: 45111 | AB56: DELAYED
A57: =A56+1 -> 54 | B57: 45017 | C57: 45017 | D57: تفتيش داخلى | G57: 44930 | H57: -1 | J57: عنبر الطبع شيت 2 | K57: مواسير صرف المطر | L57: الشؤون الادارية | P57: يوجد تسريبات مياه الامطار من مواسيرالصرف الداخلية لعنبر الطبع شيت 1.2 | Q57: وضع غير أمن | R57: أولى | S57: منخفض | T57: OK | U57: معالجة وصيانة تسريبات مواسير صرف المطر | V57: الشؤون الادارية | X57: yes | Y57: Closed | Z57: م/ادهم مصطفى | AB57: DELAYED
A58: =A57+1 -> 55 | B58: 45017 | C58: 45028 | D58: تفتيش داخلى | G58: 45264 | H58: -1 | J58: عنبر ويب2 | K58: مجر صرف المطر | L58: الادارة الهندسية | P58: يوجد تسريبات مياه الامطار من مجر صرف المطر الداخلية لعنبر ويب 2 | Q58: وضع غير أمن | R58: أولى | S58: منخفض | T58: OK | U58: معالجة وصيانة تسريبات مجر المطر | V58: الادارة الهندسية | X58: yes | Y58: Opened | Z58: م/ادهم مصطفى | AB58: DELAYED
A59: =A58+1 -> 56 | B59: 45017 | C59: 30/4/2023 | D59: تفتيش داخلى | G59: 30/4 | H59: -1 | J59: سلم المبنى الادارى | K59: البارك امام المبنى الاداري | L59: الشؤون الادارية | P59: يوجد بواط كهرباء غير محكم الغلق في البارك و امام المبنى الإداري و يحتاج الى غطاء حماية | Q59: وضع غير أمن | R59: أولى | S59: متوسط | T59: OK | U59: إحكام غلق بواط الكهرباء | V59: الشؤون الادارية | W59: 45112 | X59: end | Y59: Closed | Z59: م/ادهم مصطفى | AB59: ok
A60: =A59+1 -> 57 | B60: 45017 | C60: 30/4/20235 | D60: تفتيش داخلى | G60: 30/4 | H60: -2 | J60: المخزن الجديد | K60: عنبر 3 | L60: الادارة الهندسية | P60: يوجد بواط كهرباء غير محكم الغلق في سطح عنبر 3 بالمخزن الجديد وتوصيلات كهربائية غير معزولة | Q60: وضع غير أمن | R60: أولى | S60: متوسط | T60: OK | U60: إحكام غلق بواط الكهرباء و عزل التوصيلات الكهربائية | V60: الادارة الهندسية | W60: 45111 | X60: yes | Y60: Closed | Z60: م/ادهم مصطفى | AA60: 45111 | AB60: DELAYED
A61: =A60+1 -> 58 | B61: 45047 | C61: 45048 | D61: تفتيش داخلى | G61: 44962 | H61: -1 | J61: المكاتب الادارية | K61: امام مبنى الإدارة | L61: الشؤون الادارية | P61: وجود اعمال طلاء دهانات لابواب خشبية بدون اتخاذ اي اجراءات وقائية للمكان او العامل المنفذ وفي مسار حركة العاملين والمارة وبجوار بصمة الحضور و بإستخدام مواد سريعة الإشتعال و بدون تأمين | Q61: تصرف غير أمن | R61: أولى | S61: عالي | T61: OK | U61: الإلتزام بالمهمات الوقائية المناسبة للعملية +تغيير مكان الطلاء تجنبا للبصمة ولمسار حركة العاملين | V61: الشؤون الادارية | W61: 44962 | X61: End | Y61: Closed | Z61: م/ادهم مصطفى | AA61: 44962 | AB61: yes
A62: =A61+1 -> 59 | B62: 45047 | C62: 45055 | D62: تفتيش داخلى | G62: 45174 | H62: -1 | J62: المخزن القديم | K62: غرفة الطلمبات | L62: الادارة الهندسية | P62: وجود عدد 2 بواط كهرباء تحتاج إلى غطاء حماية | Q62: وضع غير أمن | R62: أولى | S62: متوسط | T62: OK | U62: تركيب غطاء حماية لحماية الوصلات الكهربائية | V62: الادارة الهندسية | W62: 17/5/2023 | X62: End | Y62: Closed | Z62: م/ادهم مصطفى | AA62: 17/5/2023 | AB62: yes
A63: =A62+1 -> 60 | B63: 45047 | C63: 15/5/2023 | D63: تفتيش داخلى | G63: 15/5 | H63: -1 | J63: المخزن القديم | K63: عنبر 1 | L63: الشؤون الادارية | P63: شروخ و كسور في الحائط و بجوار باب الطوارئ + وجود كمية كبيرة من عش الطيور داخل العنبر و اعلى كشافات الإنارة | Q63: وضع غير أمن | R63: أولى | S63: متوسط | T63: OK | U63: ترميم الحائط بشكل فني و طبقاً للمواصفات الهندسية و اصول الصناعة + ترميم الهوايات و سد اي فتحة متواجدة تسمح بمرور الطيور من خلالها و ازالة اي عش طيور اعلى الكشافات | V63: الشؤون الادارية | W63: 14/6/2023 | X63: End | Y63: Closed | Z63: م/ادهم مصطفى | AA63: 14/6/2023 | AB63: yes
A64: =A63+1 -> 61 | B64: 45047 | C64: 15/5/2023 | D64: تفتيش داخلى | G64: 15/5 | H64: -2 | J64: المخزن القديم | K64: المبنى الإداري | L64: الشؤون الادارية | P64: وصلات و كابلات بطريقة غير أمنة من المبنى الإداري للعنابر و الى السور الخارجي و مكتب الأمن و خالف المبنى الإداري | Q64: وضع غير أمن | R64: أولى | S64: متوسط | T64: OK | U64: تعديل مسار الكابلات طبقاً للمواصفات الهندسية و اصول الصناعة + | V64: الشؤون الادارية | W64: 45111 | X64: No | Y64: Closed | Z64: م/ادهم مصطفى | AA64: 45111 | AB64: DELAYED
A65: =A64+1 -> 62 | B65: 45047 | C65: 17/5/2023 | D65: تفتيش داخلى | G65: 17/5 | H65: -1 | J65: المنطقة الخلفية و المخازن | K65: الشارع الاخير بالمطابع بجوار عنبر ويب3 | L65: الادارة الهندسية | P65: وجود عائق في الشارع الاخير ( زاوية حديد بارزة ) | Q65: وضع غير أمن | R65: أولى | S65: متوسط | T65: OK | U65: لحام الزاوية و تعديل مكانها | V65: الادارة الهندسية | W65: 17/5/2023 | X65: End | Y65: Closed | Z65: م/ادهم مصطفى | AA65: 17/5/2023 | AB65: YES
A66: =A65+1 -> 63 | B66: 45047 | C66: 21/5/2023 | D66: تفتيش داخلى | G66: 21/5 | H66: -1 | J66: عنبر ويب 3 | K66: ماكينة ويب 8 | L66: الادارة الهندسية | P66: تسريب حبر من وحدة اللون الأسود لماكينة ويب8 | Q66: وضع غير أمن | R66: ليلية | S66: عالي | T66: OK | U66: تنظيف اسفل الماكينة و معرفة سبب التسريب + فحص الوحدة و إصلاح العطل و حل مشكلة التسريب | V66: الادارة الهندسية | W66: 21/5/2023 | X66: End | Y66: Closed | Z66: م/ادهم مصطفى | AA66: 21/5/2023 | AB66: yes
A67: =A66+1 -> 64 | B67: 45047 | C67: 21/5/2023 | D67: تفتيش داخلى | G67: 21/5 | H67: -2 | J67: عنبر ويب2 | K67: ماكينة ويب 10 | L67: الادارة الهندسية | P67: تسريب مياه من وحدة تبريد ماكينة ويب10 | Q67: وضع غير أمن | R67: ليلية | S67: عالي | T67: OK | U67: تنظيف المياه الموجودة و حل العطل المسؤول عن التسريب | V67: الادارة الهندسية | W67: 21/5/2023 | X67: End | Y67: Closed | Z67: م/ادهم مصطفى | AA67: 21/5/2023 | AB67: yes
A68: =A67+1 -> 65 | B68: 45047 | C68: 21/5/2023 | D68: تفتيش داخلى | G68: 21/5 | H68: -3 | J68: عنبر ويب2 | K68: ماكينة تحميص الزنكات | L68: التجهيزات الفنية | P68: تشغيل ماكينة تحميص الزنكات و موجود عليها ورقة ( الماكينة تحت الصيانة ) وبجواره مواد قابلة للإشتعال | Q68: تصرف غير أمن | R68: ليلية | S68: عالي | T68: OK | U68: فصل الماكينة و تامين بجوار الماكينة و تنظيف المكان | V68: التجهيزات الفنية | W68: 21/5/2023 | X68: End | Y68: Closed | Z68: م/ادهم مصطفى | AA68: 21/5/2023 | AB68: yes
A69: =A68+1 -> 66 | B69: 45047 | C69: 23/5/2023 | D69: تفتيش داخلى | G69: 23/5 | H69: -1 | J69: الاكاديمية | K69: كابلات كهرباء اعلى السقف الساقط | L69: الشؤون الادارية | P69: كابلات ساقطة بشكل عشوائي اعلى السقف الساقط وتحتاج الى تعديل مسار مطابق للمواصفات الفنية | Q69: وضع غير أمن | R69: أولى | S69: متوسط | T69: OK | U69: تعديل مسار الكابلات على اسس هندسي و طبقاً لأصول الصناعة | V69: الشؤون الادارية | W69: 24/5/2023 | X69: NO | Y69: Closed | Z69: م/ادهم مصطفى | AA69: 24/5/2023 | AB69: yes
A70: =A69+1 -> 67 | B70: 45047 | C70: 24/5/2023 | D70: تفتيش داخلى | G70: 24/5 | H70: -1 | J70: المكاتب الادارية | K70: مسقط هواء امام غرفة الإجتماعات | L70: الشؤون الادارية | P70: وجود كابلات عشوائية في مسقط هواء غرفة اجتماعات د / احمد | Q70: وضع غير أمن | R70: أولى | S70: متوسط | T70: OK | U70: تعديل مسار الكابلات و توصيل بطريقة سليمة | V70: الشؤون الادارية | W70: 25/5/2023 | X70: NO | Y70: Closed | Z70: م/ادهم مصطفى | AA70: 25/5/2023 | AB70: yes
A71: =A70+1 -> 68 | B71: 45047 | C71: 24/5/2023 | D71: تفتيش داخلى | G71: 24/5 | H71: -2 | J71: عنبر ويب1 | K71: ويب6 | L71: الادارة الهندسية | P71: وجود اجزاء دورة و سير ماكينة ل ماكينة ويب 6 | Q71: وضع غير أمن | R71: أولى | S71: متوسط | T71: OK | U71: تركيب كفر حماية | V71: الادارة الهندسية | W71: 45144 | X71: End | Y71: Closed | Z71: م/ادهم مصطفى | AA71: 45144 | AB71: yes
A72: =A71+1 -> 69 | B72: 45047 | C72: 24/5/2023 | D72: تفتيش داخلى | G72: 24/5 | H72: -3 | J72: عنبر ويب2 | K72: ويب10 | L72: الادارة الهندسية | P72: وجود اجزاء دورة و سير ماكينة ل ماكينة ويب 10 | Q72: وضع غير أمن | R72: أولى | S72: متوسط | T72: OK | U72: تركيب كفر حماية | V72: الادارة الهندسية | W72: 45144 | X72: End | Y72: Closed | Z72: م/ادهم مصطفى | AA72: 45144 | AB72: yes
A73: =A72+1 -> 70 | B73: 45047 | C73: 24/5/2023 | D73: تفتيش داخلى | G73: 24/5 | H73: -4 | J73: المخزن الجديد | K73: سلم في عنبر الأدبي | L73: المخازن | P73: السلم غير أمن و يحتاج الى عمل باب حماية و سور لليد في الجهة المقابلة | Q73: وضع غير أمن | R73: أولى | S73: متوسط | T73: OK | U73: تعديل السلم وفقاً لتعليمات السلامة والصحة المهنية | V73: المخازن | X73: YES | Y73: Opened | Z73: م/ادهم مصطفى
A74: =A73+1 -> 71 | B74: 45047 | C74: 25/5/2023 | D74: تفتيش داخلى | G74: 25/5 | H74: -1 | J74: عنبر الطبع شيت 2 | K74: ماكينة سلوفان | L74: طبع الشيت | P74: وجود مخلفات داخل الماكينة ( حذاء + جركن + قطع من القماش ) | Q74: عدم ترتيب و تنظيم | R74: أولى | S74: عالي | T74: OK | U74: إزالة المخلفات الموجودة داخل الماكينة | V74: طبع الشيت | W74: 25/5/2023 | X74: End | Y74: Closed | Z74: م/ادهم مصطفى | AA74: 25/5/2023 | AB74: yes
A75: =A74+1 -> 72 | B75: 45047 | C75: 25/5/2023 | D75: تفتيش داخلى | G75: 25/5 | H75: -2 | J75: المنطقة الخلفية و المخازن | K75: شارع الدشت | L75: الادارة الهندسية | P75: وجود ملح تحليل خاص بالسوفتنر ( محطة التبريد ) امام صندوق الحريق و في شارع الدشت | Q75: عدم ترتيب و تنظيم | R75: أولى | S75: متوسط | T75: OK | U75: تخزينة في اماكن مخصصة و مناسبة له طبقاً لنموذج بيلنات سلامة المواد | V75: الادارة الهندسية | W75: 25/5/2023 | X75: End | Y75: Closed | Z75: م/ادهم مصطفى | AA75: 25/5/2023 | AB75: yes
A76: =A75+1 -> 73 | B76: 45047 | C76: 28/5/2023 | D76: تفتيش داخلى | G76: 28/5 | H76: -1 | J76: عنبر ويب 3 | K76: مرتيني | L76: الادارة الهندسية | P76: وجود كابلات بطريقة عشوائية و اسلاك غير معزولة بشكل صحيح | Q76: وضع غير أمن | R76: أولى | S76: متوسط | T76: OK | U76: تعديل مسار الكابلات و توصيلها على اسس هندسي سليم و طبقاً لأصول الصناعة | V76: الادارة الهندسية | W76: 28/5/2023 | X76: End | Y76: Closed | Z76: م/ادهم مصطفى | AA76: 28/5/2023 | AB76: yes
A77: =A76+1 -> 74 | B77: 45047 | C77: 30/5/2023 | D77: شكوى | G77: 30/5 | H77: -1 | J77: امام مكتب الأمن و بوابة رقم 3 | K77: جزيرة المشاه | L77: الشؤون الادارية | P77: وجود بلاطات الأرضيات لجزيرة المشاة مكسورة و تالفة و تحتاج الى إحلال و تجديد تجنباً للعرقلة و مخاطر السقوط | Q77: وضع غير أمن | R77: أولى | S77: متوسط | T77: OK | U77: إحلال و تجديد ارضيات الجزيرة مع مراعاة رفع سطح الجزيرة تجنباً لتسريب مياه الري من حوض الزرع | V77: الشؤون الادارية | W77: 45022 | X77: End | Y77: Closed | Z77: م/ادهم مصطفى | AA77: 45022 | AB77: yes
A78: =A77+1 -> 75 | B78: 45047 | C78: 31/5/2023 | D78: تفتيش داخلى | G78: 31/5 | H78: -1 | J78: عنبر ويب1 | K78: ويب6 | L78: الويب | P78: تسريب زيوت من ماكينة ويب6 + وجود بشر كثيف بدون تنظيف دوري في اخر الماكينة | Q78: وضع غير أمن | R78: أولى | S78: عالي | T78: OK | U78: متابعة صيانة الماكينة دورياً من الإدارة الهندسية ومعالجة تسريب الزيت منها + متابعة تنظيف الماكينة من زيوت و بشر و التخلص الأمن من أدوات التنظيف طبقا لتعليمات الصيانة . | V78: الادارة الهندسية | W78: 45111 | X78: YES | Y78: Closed | Z78: م/ادهم مصطفى | AA78: 45111 | AB78: DELAYED
A79: =A78+1 -> 76 | B79: 45047 | C79: 31/5/2023 | D79: تفتيش خارجي | G79: 31/5 | H79: -2 | J79: عنبر ويب 3 | K79: ويب10 | L79: الويب | P79: وجود جونيه تحتوي عل اوراق و كرتون و كهن بجوار ماكينة ويب10 و داخل عنبر ويب2 | Q79: عدم ترتيب و تنظيم | R79: أولى | S79: متوسط | T79: OK | U79: عمل فصل للمخلفات بطريقة أمنة ( ضارة - عادية ) و نوصي بان تكون عبوات المخلفات من خامة الحديد (براميل حديد ) مع كتابة نوع المخلفات التي تحتوي عليها | V79: الويب | X79: YES | Y79: Closed | Z79: م/ادهم مصطفى | AB79: DELAYED
A80: =A79+1 -> 77 | B80: 45078 | C80: 45083 | D80: تفتيش داخلى | G80: 45052 | H80: -1 | J80: المكاتب الادارية | K80: طرقة المسجد | L80: الشؤون الادارية | P80: وجود كشاف كهرباء في الطرقة الخاصة بالمسجد بدون غطاء حماية | Q80: وضع غير أمن | R80: أولى | S80: متوسط | T80: OK | U80: تركيب غطاء حماية للكشاف | V80: الشؤون الادارية | W80: 45052 | X80: End | Y80: Closed | Z80: م/ادهم مصطفى | AA80: 45052 | AB80: On time
A81: =A80+1 -> 78 | B81: 45078 | C81: 45083 | D81: تفتيش داخلى | G81: 45052 | H81: -2 | J81: عنبر ويب 3 | K81: لوحة ماكينة ويب 7 | L81: الادارة الهندسية | P81: كابلات خارجة من ترى الكهرباء الواصل بلوحة كهرباء ويب7 | Q81: وضع غير أمن | R81: أولى | S81: متوسط | T81: OK | U81: تركيب فليكسبل ( خرطوم مرن عازل ) للكابلات | V81: الادارة الهندسية | W81: 45083 | X81: End | Y81: Closed | Z81: م/ادهم مصطفى | AA81: 45083 | AB81: On time
A82: =A81+1 -> 79 | B82: 45078 | C82: 45083 | D82: تفتيش داخلى | G82: 45083 | H82: -1 | J82: المنطقة الخلفية و المخازن | K82: مدفع الساحة الخلفية | L82: الويب | P82: تخزين مواد خام و منتج امام مدفع الساحة الخلفية بطريقة تعوق الوصول له | Q82: عدم ترتيب و تنظيم | R82: أولى | S82: متوسط | T82: OK | U82: التنبيه على مشرف العنابر بإجتناب محيط المدفع | V82: الويب | W82: 45083 | X82: End | Y82: Closed | Z82: م/ادهم مصطفى | AA82: 45083 | AB82: On time
A83: =A82+1 -> 80 | B83: 45078 | C83: 45084 | D83: شكوى | G83: 45113 | H83: -1 | J83: عنبر ويب 3 | K83: ويب 10 | L83: الويب | P83: تلاحظ نوم احد عاملى ويب ١٠ داخل وحدة الكنترول خاصتها | Q83: تصرف غير أمن | R83: أولى | S83: متوسط | T83: OK | U83: تنظيم العمل و إعطاء العاملين الراحات المناسبة والكافية لهم | V83: الويب | W83: 27/6/2023 | X83: End | Y83: Closed | AA83: 27/6/2023 | AB83: On time
A84: =A83+1 -> 81 | B84: 45078 | C84: 45084 | D84: شكوى | G84: 45113 | H84: -2 | J84: عنبر ويب1 | K84: الشرنك الجديد | L84: التجليد | P84: نوم احد الطلبه اسفل الترابيزه خاصة سير الشرنك الجديد اثناء فتره العمل | Q84: تصرف غير أمن | R84: أولى | S84: متوسط | T84: OK | U84: وجود مشرف مسؤول عن الطلاب طوال فترة وجودهم بعنابر الإنتاج | V84: الإنتاج | W84: 45139 | X84: end | Y84: Closed | Z84: م/ادهم مصطفى | AA84: 45139 | AB84: DELAYED
A85: =A84+1 -> 82 | B85: 45078 | C85: 45084 | D85: شكوى | G85: 45113 | H85: -3 | J85: المكاتب الادارية | K85: غرفة السيرفر | L85: IT | P85: وجود مخلفات ( اجهزة حاسب ألى - طابعات - كابلات - ورق - كرتون ) داخل غرفة السيرفر بعض الأجهزة تالفة و البعض غير تالف + وجود كشاف بدون غطاء حماية اعلى السيرفر | Q85: وضع غير أمن | R85: أولى | S85: متوسط | T85: OK | U85: إعادة ترتيب و تنظيم الغرفة وإزالة جميع مخلفات داخل غرفة السيرفر + تركيب غطاء حماية لكشاف السقف الساقط اعلى السيرفر | V85: IT | W85: 45091 | X85: end | Y85: Closed | Z85: م/ادهم مصطفى | AA85: 45091 | AB85: on time
A86: =A85+1 -> 83 | B86: 45078 | C86: 45083 | D86: شكوى | G86: 45144 | H86: -1 | J86: عنبر التجليد 1 | K86: غرفة كمبروسر | L86: التجليد | P86: شكوى من الصيانة بتكرار مخالفة تعليمات الصيانة من مشرفي عنابر التجليد بتخزين بوالين وخامات إنتاج امام غرفة الكمبروسر المتواجدة في عنبر تجليد1 مما يودي إلى تلف المنتجات في حالة حدوث تسريب او عطل و عدم الوصول داخل الغرفة وقت العطل | Q86: تصرف غير أمن | R86: أولى | S86: عالي | T86: OK | U86: التنبيه على مشرفي عنابر التجليد باللإتزام بعدم تخزين اي بوالين او خامات إنتاج امام غرفة الكمبروسر | V86: التجليد | W86: 45175 | X86: End | Y86: Closed | Z86: م/ادهم مصطفى | AB86: On time
A87: =A86+1 -> 84 | B87: 45078 | C87: 45089 | D87: تفتيش داخلى | G87: 45266 | H87: -1 | J87: المخزن القديم | K87: عنبر4 | L87: المخازن | P87: وجود مخلفات و سواء تخزين المواد الكيميائية طبقاً لنوذج تصنيف المواد الكيميائية | Q87: وضع غير أمن | R87: أولى | S87: منخفض | T87: OK | U87: إعادة ترتيب و تنظيم مخازن المواد الكيميائية و تصنيفها طبقا لنموذج تصنيف المواد الكيميائية ونموذج بيانات سلامة المواد + محاضرة علمية لتعريف جميع عاملين المخازن بصنيف المواد الكيميائية و معاني ملصق خطورة المادة الكيميائية + توفير اخر تحديث لنموذج بيانات سلامة المواد مترجم باللغة االعربية طبقاً لاخر تحديث للمواد الكيميائية المخزنة داخل مخازن نهضة مصر | V87: المخازن | X87: yes | Y87: Opened | Z87: م/ادهم مصطفى
A88: =A87+1 -> 85 | B88: 45078 | C88: 45090 | D88: شكوى | G88: 13/6 | H88: -1 | J88: عنبر ويب1 | K88: ويب6 | L88: الادارة الهندسية | P88: عدم جودة فلتر تنقية مياه التبريد الخاصة بماكينة ويب6 مما يؤدي إلى تغير مياه التبريد بمعدل مرتفع ( كل 3 ورديات عمل ) وزياده تكلفة تصريف المياه التالفة من شركة بلان سيرفيس مما يؤدي إلى إرتفاع التكلفة الشهرية لتصريف المياه | Q88: وضع غير آمن | R88: أولى | S88: متوسط | T88: OK | U88: تغير وحدة تنقية مياه التبريد لضمان جودة المطبوعات من ماكينة ويب6 و تقليل تكلفة استخدام المياه وتصريف المياه شهريا | V88: الادارة الهندسية | W88: 45111 | X88: end | Y88: Closed | Z88: م/ادهم مصطفى | AA88: 45111
A89: =A88+1 -> 86 | B89: 45108 | C89: 45118 | D89: شكوى | G89: 45206 | H89: -1 | J89: مبيت الامن | K89: مكتب الفرز | L89: الشؤون الادارية | P89: تسريب مياه في مكتب الفرز وعلى القواطع و الأسلاك الكهربائية من تكييف مبيت الأمن | Q89: تصرف غير آمن | R89: أولى | S89: عالي | T89: OK | U89: توصيل صرف التكييف لأقرب نقطة صرف | V89: الشؤون الادارية | W89: 45267 | X89: End | Y89: Closed | Z89: علاء عنتر | AA89: 45267 | AB89: Delayed
A90: =A89+1 -> 87 | B90: 45108 | C90: 45118 | D90: تفتيش داخلى | G90: 45237 | H90: -1 | J90: المطابع (بوابة 3 ) | K90: مكتب الأمن | L90: الشؤون الادارية | P90: تم تركيب مروحة سقف في غرفة الأمن على الرغم من تحذير إدارة السلامة والصحة المهنية اكثر من مرة بعدم تركيبها و ان مراوح السقف غير أمنة و غير مطابقة لأشتراطات السلامة و معرضة للسقوط و إصابة العاملين المتواجدين على مدار24 ساعة و ان سقف الغرفة منخفض ولا يسمح بتركيب المروحة | Q90: تصرف غير آمن | R90: أولى | S90: عالي | T90: OK | U90: إزالة مروحة السقف و إستبدالها باخرى مطابقة لإشتراطات السلامة و عليها شبكة حماية | V90: الشؤون الادارية | W90: 45237 | X90: End | Y90: Closed | Z90: م/ادهم مصطفى | AA90: 45237 | AB90: On time
A91: =A90+1 -> 88 | B91: 45108 | C91: 45118 | D91: تفتيش داخلى | G91: 45237 | H91: -2 | J91: المكاتب الادارية | K91: مكتب الحركة | L91: الشؤون الادارية | P91: وجود كابلات كهرباء تحتاج الى عزل جيد قبل العمل | Q91: تصرف غير آمن | R91: أولى | S91: عالي | T91: OK | U91: تغيير الكابلات المستخدمة | V91: الشؤون الادارية | W91: 45237 | X91: End | Y91: Closed | Z91: احمد مرسي | AA91: 45237 | AB91: On time
A92: =A91+1 -> 89 | B92: 45108 | C92: 45119 | D92: تفتيش داخلى | G92: 45267 | H92: -1 | J92: المخزن الجديد | K92: غرفة الأمن | L92: الادارة الهندسية | P92: حدوث قفلة كهربائية في اسلاك في غرفة الأمن | Q92: وضع غير آمن | R92: أولى | S92: عالي | T92: OK | U92: تم تغيير الكابل التالف و التوصيل على اسس هندسي سليم | V92: الادارة الهندسية | W92: 45267 | X92: End | Y92: Closed | Z92: احمد بكري | AA92: 45267 | AB92: On time
A93: =A92+1 -> 90 | B93: 45108 | C93: 14/7/2023 | D93: تفتيش داخلى | G93: 14/7 | H93: -1 | J93: المكابس | K93: المكبس | L93: الادارة الهندسية | P93: وجود قطع الدكت الداخلي المسئول عن تجميع بشِر القصاص من ماكينات الكولبس مما أدى إلى غبار كثيف بالشارع الخلفي | Q93: وضع غير آمن | R93: أولى | S93: عالي | T93: OK | U93: صيانة العطل وتغيير الدكت التالف | V93: الادارة الهندسية | W93: 14/7/2023 | X93: End | Y93: Closed | Z93: عبدالعاطي السعيد | AA93: 14/7/2023 | AB93: On time
A94: =A93+1 -> 91 | B94: 45108 | C94: 16/7/2023 | D94: تفتيش داخلى | G94: 16/7 | H94: -1 | J94: المكاتب الادارية | K94: البوفية | L94: الشؤون الادارية | P94: وجود فيشة تالفة خاصة بالشفاطات في البوفية و بتوصيلة غير مطابقة لإشترطات السلامة الكهربائية | Q94: وضع غير آمن | R94: أولى | S94: عالي | U94: توصيل كابلات الشفاطات على قاطع كهربائي مناسب لشدة تيار الشفاطات و توصيل الكابلات على اسس هندسي سليم ومطابق لإشتراطات السلامة | V94: الشؤون الادارية | W94: 45126 | X94: end | Y94: Closed | Z94: م/ادهم مصطفى | AA94: 45126
A95: =A94+1 -> 92 | B95: 45108 | C95: 45123 | D95: تفتيش داخلى | G95: N 16/7/2 | J95: عنبر التجليد 2 | L95: الشؤون الادارية | P95: كسر بكوع الصرف و تسريب مياه الصرف منه | Q95: وضع غير آمن | S95: متوسط | T95: OK | U95: تغيير ماسورة الصرف التالفة و التأكد من عدم وجود أي تسريب | V95: الشؤون الادارية | W95: 45131 | X95: END | Y95: Closed | Z95: م/ادهم مصطفى | AA95: 45131 | AB95: On time
A96: =A95+1 -> 93 | B96: 45108 | C96: 45124 | D96: تفتيش داخلى | G96: n17/7/1 | J96: المنطقة الخلفية و المخازن | L96: الانتاج | P96: وجود تشوينات امام غرفة الكهرباء القديمة وتعوق الوصول و الحركة خاصة بإدارة التكاليف | Q96: عدم ترتيب و تنظيم | S96: عالي | T96: OK | U96: إزالة اي مخلفات او تشوينات من امام غرف الكهرباء | V96: الانتاج | W96: 45124 | X96: End | Y96: Closed | Z96: م/ادهم مصطفى | AA96: 45124 | AB96: on time
A97: =A96+1 -> 94 | B97: 45108 | C97: 45124 | D97: تفتيش داخلى | G97: n 17/7/2 | J97: عنبر ويب 3 | L97: الادارة الهندسية | P97: باب عنبر ويب3 خلفي امام غرف الكهرباء يحتاج الى تثبيت و مجري من الأسفل ارتفاع الباب 5 متر وغير مثبت و مؤمن من الأسفل و معرض للسقوط مع احمال الرياح او الإصتدام من كلارك لقدر الله | Q97: وضع غير آمن | S97: متوسط | T97: OK | U97: عمل مجرى غاطسة لسهولة حركة المعدات للدخول والخروج من العنبر عليها بكر ومثبن ببنز في الباب لسهولة حركة الباب كما مثبت من اعلى | V97: الادارة الهندسية | X97: yes | Y97: Opened | Z97: م/ادهم مصطفى
A98: =A97+1 -> 95 | B98: 45108 | C98: 45124 | D98: تفتيش داخلى | G98: N 17/7/3 | J98: المخزن القديم | L98: المخازن | P98: تشوين منتج بطريقة غير مطابقة لمواصفات التخزين والتحميل | Q98: عدم ترتيب و تنظيم | S98: عالي | U98: تخزين وتحميل المنتج بطريقة منظمة طبقاً لقواعد الترتيب و التنظيم الأمن تجنباً لوقوع خسائر بشرية ومادية | V98: المخازن | W98: 45131 | X98: end | Y98: Closed | Z98: م/ادهم مصطفى | AA98: 45131
A99: =A98+1 -> 96 | B99: 45108 | C99: 45126 | D99: حادث وشيك | G99: N 19/7/1 | J99: عنبر ويب1 | L99: الادارة الهندسية | P99: حدوث إنحشار نسخة كتاب بين الدرافيل بماكينة سيتما2 اثناء مروره بالفرن (درجة حرارة الفرن220 درجة مئوية) فسقطت النسخة داخل الفرن الخاص بالماكينة محدثة تصاعد ادخنة | Q99: وضع غير آمن | S99: عالي | T99: OK | U99: م ايقاف الماكينة لحين مراجعة الصيانة بخصوص استعدال السيخ المعوج والتأكد من سالمة السير بالكامل +التواصل مع الوكيل لتركيب كسوه من الحصير الحراري على الدرافيل وذلك لمنع تساقط النسخ داخل الفرن + لا يتم تشغيل الماكينة إلا بعد التأكد من سلامة السير بشكل كامل | V99: الادارة الهندسية | W99: 45126 | X99: end | Y99: Closed | Z99: م/ادهم مصطفى | AA99: 45126
A100: =A99+1 -> 97 | B100: 45108 | C100: 45127 | D100: شكوى | G100: N 20/7/1 | J100: عنبر الطبع شيت 1 | L100: الشؤون الادارية | P100: وجود رائحة شياط داخل مكتب قسم الجودة | Q100: وضع غير آمن | S100: عالي | T100: OK | U100: تم فصل الكهرباء عن وحدة التكييف لحين تواجد فني الصيانة لعمل اللازم + تم فصل الكابلات وتوصيل كل وحدة تكييف على حدى | V100: الشؤون الادارية | W100: 45127 | X100: END | Y100: Closed | Z100: عبدالعاطي السعيد | AA100: 45127 | AB100: On time
A101: =A100+1 -> 98 | B101: 45108 | C101: 45129 | D101: تفتيش داخلى | G101: N 22 / 7/1 | J101: عنبر ويب2 | L101: الادارة الهندسية | P101: تسريب زيت و مياه اسفل ماكينة ويب11 | Q101: وضع غير آمن | S101: متوسط | T101: OK | U101: حل الاعطال بالماكينة | V101: الجودة | X101: yes | Y101: Opened | Z101: م/ادهم مصطفى
A102: =A101+1 -> 99 | B102: 45108 | C102: 45131 | D102: تفتيش داخلى | G102: N 24/7/1 | J102: عنبر ويب1 | L102: الادارة الهندسية | P102: تسريب زيوت اسفل ماكينة ويب 6 على الرغم ان الماكينة لا تعمل ولا يوجد اي مشغل عليها | Q102: وضع غير آمن | S102: متوسط | T102: OK | U102: حل الاعطال بالماكينة | V102: الادارة الهندسية | W102: 45138 | X102: end | Y102: Closed | Z102: م/ادهم مصطفى | AA102: 45138
...
